latitude,longitude,size
40.717532924,-73.9891233687,14090
41.8781220598,-87.6298007379,3834
33.4484884421,-112.074091384,2813
33.4471721027,-111.902206631,2282
38.8867357849,-77.0481571475,2693
37.688448627,-122.409254781,3856
33.7678518493,-84.3932918885,1818
42.3630815343,-71.0741511709,1643
47.6063131142,-122.331996053,1518
33.3569971696,-111.822593804,1303
36.1168824508,-115.171291673,1166
44.9776429324,-93.2681449876,1081
30.2672627558,-97.7429347968,1114
34.0598978755,-118.249425325,990
39.9522532803,-75.1637771768,1053
40.7702911238,-73.8387078003,713
34.0326666844,-118.438312887,687
32.9811961393,-117.078357649,903
28.5424519121,-81.3767776568,791
39.7347569393,-104.989694183,793
32.8029972357,-96.7699008,813
37.3471559525,-121.939110906,678
34.1287908266,-118.35278693,525
43.0406651003,-87.9156083893,628
-6.21258698064,106.843249434,679
25.7868963741,-80.2143981129,704
29.7624851979,-95.3831078218,665
37.3971411859,-122.094099002,570
32.7098709821,-117.152573336,559
45.5227661205,-122.675731586,572
43.6532483749,-79.382837067,519
33.8113807695,-117.894821253,453
32.2217429,-110.926479,492
27.9494979256,-82.4648848896,454
33.918284297,-118.414806369,449
33.6880114059,-117.841578417,312
39.7681610815,-86.1577201012,421
34.1617098149,-118.231964146,92
39.9974937194,-83.0001982393,401
39.2865514955,-76.6144061238,381
40.7852775031,-74.1788843931,313
39.0994273927,-94.5830071508,388
35.2279551864,-80.843396892,375
37.8028841699,-122.267510375,384
47.643293456,-122.167736727,372
40.4393770659,-79.9962544485,318
40.8707542324,-73.8589689664,306
33.6442974756,-117.948737151,316
34.1910529529,-118.446038914,183
40.7102836158,-73.5946860231,406
34.127880378,-118.119934322,266
33.811378292,-118.143621406,297
38.878589401,-77.2407449077,313
37.5376011912,-122.291360562,304
40.8931914509,-74.0765068779,276
29.4245584281,-98.4934131396,287
51.5035078596,-0.126551523759,291
38.6457258681,-90.2254606735,270
35.7710106918,-78.6375689079,277
26.1097176949,-80.1595997986,223
44.9586492567,-93.1189803074,240
38.9809811849,-77.402594234,218
29.9653813082,-90.0792559459,231
33.5565803672,-112.208273886,319
39.012125942,-77.0893831894,180
41.488443071,-81.7107619139,195
39.1291712804,-84.5021068457,235
38.5814923171,-121.495477041,222
40.9766836778,-73.7698641247,189
49.2436161785,-123.110130265,191
34.1978778889,-118.557206139,153
40.7187476547,-74.27930064,167
36.1642160166,-86.7803642364,188
44.8807892134,-93.3240648629,168
34.0861965489,-117.979572642,152
41.2535696055,-95.9986556768,179
40.0149856,-105.2705456,181
37.5429274709,-77.4683367109,175
37.6923125822,-122.095782572,174
33.9660771587,-84.5661410326,186
42.0567796099,-87.801753186,182
36.0870573942,-86.6489579575,170
32.9314106598,-97.0737802657,152
40.6131589434,-74.1326033777,144
32.824891403,-97.0903078543,90
33.4823791466,-112.364209582,177
42.8925163006,-78.8750657132,146
40.4983688361,-74.4241246608,155
43.0729045917,-89.4003191268,157
30.3325274019,-81.6546482154,156
42.3355715084,-83.0447319639,155
33.8891961026,-118.064634688,144
41.0785964342,-73.4998139243,141
42.0453113563,-88.0385950291,96
42.4856835747,-83.154775284,137
35.1493537434,-90.0481654329,143
42.9598615147,-85.6684883091,143
43.1636456965,-77.6143138064,141
34.0522665964,-117.692125607,170
45.0040567118,-93.3980610735,103
33.5752166526,-117.710214753,149
1.35050572385,103.820123908,130
41.9490617261,-87.8549323345,79
33.0017127946,-96.7048462953,127
40.7575775698,-111.893392433,125
43.0530551547,-76.1424481227,112
38.986166957,-94.6755812711,128
39.0946208906,-77.1755230732,123
41.8349454008,-87.9639400032,101
32.7259976095,-97.3204395373,126
45.5052664752,-73.5583670344,126
26.0096479056,-80.2012187645,103
34.0597177398,-84.3195033236,123
41.6005448,-93.6091064,121
42.1323292975,-87.9728772625,70
27.7785576731,-82.6463569521,112
34.0489281,-111.0937311,118
28.6401575291,-81.3439952043,133
44.8824179905,-93.487603569,98
47.4599667448,-122.268101284,105
40.0545556947,-75.3404256623,136
41.7945905018,-88.1310589241,100
21.3051293714,-157.856329993,112
26.3281866505,-80.0937970162,112
39.8917787622,-75.0525422829,119
43.0278161673,-88.0334766936,110
39.9749918382,-86.0514324618,112
35.7943325908,-78.8024671275,97
42.2711455633,-83.7267892642,109
32.7874716491,-79.9225071407,109
40.7831003398,-74.4079222074,111
38.519926834,-90.3836556972,95
38.2570665,-85.7622947171,105
30.4413791533,-84.28547962,105
42.1597400067,-87.83678705,71
37.9218477204,-122.061575474,101
40.2559838225,-74.0398319137,75
35.2013516,-111.639249,102
28.3783200755,-81.5369382,102
-6.9138880198,107.608732559,102
34.0607616704,-117.830885115,90
35.9940329,-78.898619,95
40.56422172,-74.5605366758,90
40.53643,-74.3099249642,64
41.597604467,-93.7240524723,95
40.7807059554,-73.4186058924,137
41.1400882815,-73.3577478641,65
-0.3012262,36.5229641,92
39.0827740681,-76.6485503637,63
-23.5489433,-46.6388182,91
40.1540750789,-74.0392877444,78
26.2122430289,-80.2402029156,56
38.9517053,-92.3340724,90
34.0010488044,-84.1491179056,46
39.2165237438,-76.8459766101,68
-6.30294338202,106.796648376,92
39.8541495449,-105.05147581,66
42.7311074125,-84.5104162125,90
41.3002391784,-72.9415987886,77
48.8574495409,2.34445476818,90
32.8889030644,-97.1835441862,52
33.780164608,-84.2761043621,84
40.4200173494,-74.28390854,42
-7.26584656667,112.742307095,84
19.4244018083,-99.1376341083,87
37.5578493845,-121.997564633,84
40.8088514914,-96.680796679,81
37.9303167469,-122.521916827,81
35.9128977926,-79.0577649938,81
37.7045555275,-121.92386105,66
41.7724072862,-72.6868733513,62
42.6168375975,-83.1882223138,62
39.1974227203,-76.6796759759,65
43.0313713256,-88.2015288974,60
42.2991546026,-83.3991318103,86
32.8026755,-96.95704285,78
39.6165778526,-104.989012719,79
36.0337440731,-115.00209935,78
40.3322036591,-74.6609857934,65
31.7587198,-106.4869314,77
33.1796797571,-117.367102186,77
47.806842087,-122.278557843,79
41.8233483818,-71.4074490325,72
40.9137656671,-74.2612874408,88
42.6910061813,-73.743376928,75
33.9205611627,-84.2852980467,75
40.7453089013,-73.2839891813,77
42.2794699946,-85.5862520595,75
33.6498436041,-84.4397596904,79
38.9724472681,-76.926618625,59
36.8529263,-75.977985,71
35.9630914282,-83.9176361986,71
41.9148103643,-88.0503583586,64
41.0551408614,-73.9222166929,55
33.1488483643,-117.157362994,70
26.6825195652,-80.0557849,56
40.0626172087,-74.3988431391,69
40.8145905765,-73.0742031279,80
13.7225635882,100.491717946,67
45.410624791,-75.6993164776,67
42.3348611552,-87.8764098582,62
36.8294485134,-76.2829814328,67
30.4509711761,-91.1541261821,67
26.5201997323,-80.0666104,52
36.0725659323,-79.7938248277,65
32.7908284923,-116.984813822,65
40.2518852195,-74.7711433499,53
41.6537786531,-87.7904514375,46
38.8352261625,-77.4391592203,49
44.7696213635,-93.1923227508,85
41.4621245238,-81.8425088302,59
39.0825883222,-77.5247940429,64
34.8525944935,-82.3931016677,62
35.4665242355,-97.5167142758,61
27.9873030903,-82.7887624532,43
34.1623005459,-118.830675382,61
40.5852602,-105.084423,61
38.8351506033,-104.825381833,61
41.3643622333,-81.764169065,56
45.0421127317,-93.17742932,52
43.58714831,-116.195912607,60
33.15100781,-96.8391075867,54
42.5304107983,-82.9667705186,51
42.2456171492,-71.0157593627,50
22.3641426672,114.129416414,58
40.1148113241,-88.2334206379,58
40.3672201345,-74.1767314793,35
42.4845676579,-83.4258278175,55
39.7494838912,-84.1916457561,51
41.0976387246,-81.4998131965,46
35.6768960649,139.719358656,59
42.2406796125,-71.1763886018,131
40.1340763089,-75.1804773286,51
51.045,-114.0572222,56
39.9694726607,-105.085916873,54
41.1671815429,-73.2191218589,45
36.778261,-119.4179324,56
34.3939734,-118.542795904,56
38.7296440536,-121.254919709,51
42.261630575,-87.9980521339,43
33.9557329411,-83.3819227679,56
41.7739867273,-87.8001161564,59
42.4604144509,-70.9637012836,77
39.3697463741,-74.431610113,49
29.6516344,-82.3248262,54
39.5296202852,-119.80914505,54
40.4872400585,-80.202342266,39
41.1324033981,-73.9897018925,42
37.09024,-95.712891,53
40.2847641472,-74.3037115547,53
28.2945447038,-81.4081265623,53
33.9996411094,-81.0377704868,53
32.794149766,-117.227174345,52
33.0581063,-112.0476423,52
34.0749060712,-117.23679799,28
39.3295183058,-76.7773988788,52
38.9716689,-95.2352501,52
44.0517325865,-123.083019483,52
-33.8652215865,151.208195613,53
43.6577214077,-70.2572832212,47
29.9846261647,-90.1919053471,51
39.165325,-86.5263857,51
37.566535,126.9779692,51
33.6091359475,-86.6349985288,50
42.331304024,-83.262700914,26
27.923785928,-82.287375864,50
35.0844909,-106.6511367,50
37.6922361,-97.3375448,49
33.4954064265,-86.8014353163,49
3.12917162245,101.667415594,58
33.1783617755,-96.6451019367,49
-8.67471789583,115.211099979,49
41.3406540542,-73.4544452271,49
38.0323163958,-84.4948259979,48
44.2403941468,-88.4255152915,47
39.4186823319,-76.5989385553,38
41.468350817,-81.4560214979,19
39.7294319,-104.8319195,47
36.7477272,-119.7723661,47
33.4844472739,-117.66820292,23
34.7536218891,-92.2814584935,46
33.0021550826,-117.278175587,46
33.8801484739,-117.564892539,53
30.485792437,-97.6596921848,46
44.9166148587,-92.9639329304,51
33.9306615089,-83.9942695622,45
33.9542992978,-117.396366298,45
32.9503707778,-96.8712069,45
40.4944541733,-88.9918900089,45
44.47861582,-73.1905964333,46
38.9849601711,-76.5148459689,44
42.3109886909,-71.4088683114,33
38.6244898364,-90.366635775,47
52.5218624682,13.4097726977,44
36.9842040886,-122.012046207,47
34.4215668767,-119.695114993,43
36.6048256953,-121.878665179,43
28.0809538302,-80.6030168,43
41.2405433953,-73.0771175744,43
34.2257255,-77.9447102,43
42.2077499512,-88.2968862395,43
38.8795874333,-94.8220437262,42
28.5402167214,-81.5603804762,41
45.0929507738,-93.2801330476,37
39.7377381476,-75.5493610619,47
38.9883413881,-76.8087280333,38
40.1156696905,-74.9158127548,49
45.6374656929,-122.659755179,44
33.2337880762,-111.62183855,42
39.9762902488,-75.6146522976,54
32.0547458902,-81.1022313902,41
30.4150489805,-87.2117385585,41
41.9562110902,-88.2586151024,30
40.7941645098,-77.8597418829,41
25.9134926049,-80.2747587098,59
39.5600307699,-104.793324102,47
34.094053465,-117.34064189,39
40.0983106625,-83.1116680625,39
-6.180277015,106.628722082,43
34.2694474,-118.781482,40
33.5106397974,-117.166855631,39
41.2214915077,-73.9122355667,35
41.7382202872,-88.3307622154,41
36.1539816,-95.992775,39
43.0708591026,-70.7667785462,38
43.1525875128,-87.9364759821,26
33.8033911316,-84.6749335053,38
13.7808861605,100.621637339,28
42.9559753237,-78.7881920289,41
37.7995116921,-121.988805526,34
43.5507277474,-79.6273582,38
47.3452536263,-122.266203163,32
38.3047222,-122.2988889,38
41.586962027,-81.4644931,29
36.0331164,-86.7827772,37
42.1207412528,-71.1769582028,18
33.5778631,-101.8551665,36
42.6106037444,-71.2955117222,46
45.4394853639,-122.792690561,36
40.4317234861,-79.8509033861,28
47.9911146167,-122.197913133,36
47.5317428194,-122.028527239,36
3.5849271,98.6771368,36
29.2156352086,-81.0275029457,35
41.8209311657,-72.5704635714,22
39.9631289629,-76.7260147714,35
36.3576868114,-94.1752844057,35
47.6587802,-117.4260466,35
18.4445299571,-66.1075669229,36
43.0336633457,-89.51136034,29
39.6851302286,-75.7476381514,37
55.7520085029,37.62012796,35
42.9893381686,-71.4662153171,35
41.6633589286,-83.5532595657,35
38.7261993714,-75.0849426743,35
34.0709995706,-84.0533247824,34
-7.78097272353,110.370886953,34
35.9250637,-86.8688899,34
34.2073196,-84.1401926,34
43.5499749,-96.700327,34
42.2574571088,-71.7853355088,36
48.7595529,-122.4882249,34
33.1001290941,-97.0068623618,28
-0.789275,113.921327,34
42.6771014529,-71.1470099118,37
40.4247575212,-86.9040923364,33
42.6009325364,-83.3150772061,9
40.379011297,-74.5311040394,29
40.6905851939,-73.1438785788,28
52.3728834848,4.89240072727,33
-34.6077781606,-58.374639603,33
42.7599736606,-71.4641444727,35
44.5120127242,-88.0212621909,33
41.5493116606,-87.4813449394,36
41.7166679406,-73.9217446031,32
35.8456213,-86.39027,32
37.6523805375,-77.531759675,32
32.0625497031,34.7913233531,31
39.9444720375,-74.1626528125,33
34.7303688,-86.5861037,32
40.6140915125,-75.3681661187,30
38.6317187219,-121.294368528,25
38.7816632594,-90.5471278656,32
40.0353618844,-76.3085842906,32
41.3872415344,-81.397117275,26
28.0394654,-81.9498042,32
14.5600603813,121.021913188,36
-22.9035393,-43.2095869,32
38.5695585156,-90.4736622938,8
41.1721797806,-81.4045098645,24
45.4102453387,-122.628058942,32
27.3364347,-82.5306527,31
31.230393,121.473704,31
38.0663006097,-122.270391052,56
34.0050079,-118.8100893,31
27.8005828,-97.396381,31
42.6436331323,-83.0203435,31
27.857519429,-82.7632451129,31
41.9191009742,-72.6321373645,31
40.2608240871,-76.8904036774,34
40.9652257097,-72.1760640548,31
40.8923926226,-74.6516785226,42
40.2435814258,-75.1317004903,38
38.2668235933,-122.65698623,30
42.0667429567,-72.60109836,21
30.6366225533,-96.3420111033,30
45.0619502,-92.8974246567,38
41.4185071867,-81.56277085,30
42.4439614,-76.5018807,30
35.60016445,-82.54614107,30
35.04400951,-85.3069914633,30
39.0190790367,-84.6547414833,31
42.42639605,-71.3770638733,34
-33.4247685067,-70.5681913333,30
39.3621461069,-84.5138049483,29
41.3558187793,-72.1150627276,27
33.1959622724,-97.1118605448,29
42.1021923759,-75.9264225034,36
39.3653278552,-76.4899421103,29
35.4371016,-80.8495241345,37
40.159940931,-75.5004454448,33
21.3817784207,-157.994433707,29
35.3732921,-119.0187125,29
38.6581435897,-77.2633641517,31
38.0293059,-78.4766781,29
33.4788651107,-82.0167417929,28
46.87636195,-96.7841581,28
27.6648274,-81.5157535,28
-6.2474466,107.1484521,30
40.5772149536,-111.879963307,29
-37.8148998036,144.964923354,28
39.0821467,-76.8714599929,24
40.2869553857,-74.8944125286,28
40.6167240786,-75.4894987536,28
34.9567523857,-81.0083316071,22
40.8160459,-81.3837555778,27
39.7452367852,-74.9795067111,31
40.0321109926,-82.8228710667,21
37.214854237,-93.2978032519,27
28.5491986222,-81.7682463259,27
38.6188596222,-90.5709052481,25
45.5284373333,-122.974733256,27
41.6778361074,-86.226312637,27
40.4240883115,-80.1133601615,21
42.2220991769,-71.5240075038,17
29.7857853,-95.8243956,26
35.6781006549,-78.8306347005,25
30.6943566,-88.0430541,26
42.1001923885,-71.0219567192,19
41.079273,-85.1393513,26
55.6852095769,12.5861684154,26
40.6935953769,-89.5877256654,26
42.205317532,-83.197292588,25
31.53891092,-97.155269836,25
41.422413776,-75.67576326,23
47.044282276,-122.913130668,25
36.0998596,-80.244216,25
32.725321468,-114.624295156,25
42.3628672208,-72.5955520167,28
29.619539725,-95.6227932,24
39.4142688,-77.4105409,24
42.7304957458,-83.2419622083,22
41.4552539667,-74.0095320708,24
37.5058710125,-77.6477719792,24
28.669997,-81.2081203,24
26.6417390625,-81.8726324708,24
41.6133539417,-87.8904826417,23
31.9685988,-99.9018131,24
42.02335,-93.625622,23
42.058436,-70.1786374,23
42.3309513522,-71.5677467043,23
28.3285970652,-80.6864725478,24
41.2048583696,-73.7375346739,39
41.7211995739,-71.4145487217,20
42.5974417174,-83.4169578391,16
37.0072903957,-76.380032487,25
34.1043817652,-84.5216125565,23
41.4346363826,-72.8687809391,19
41.2754760696,-75.9024832478,23
43.103920487,-88.4097588435,23
35.2376710391,-106.66490593,23
43.2064735,-70.8627879652,23
40.9275349348,-72.3378833913,22
27.5001146045,-82.5764860955,22
38.3365032,-75.0849058,22
36.2211922273,-86.5669348955,18
42.1142749364,-79.2830533091,22
28.1219464455,-82.7359089545,29
46.729553,-94.6858998,22
34.483901,-114.3224548,22
33.8333716,-111.9507042,22
33.6890603,-78.8866943,22
30.1620337909,-95.4832732455,22
42.1292241,-80.085059,22
41.2033216,-77.1945247,22
43.0504469864,-76.0382797636,22
25.6737077273,-100.306555455,22
39.904214,116.407413,22
39.7651458182,-86.3991992455,27
43.4639750909,-80.515876,22
35.1442312091,-89.7820038091,18
42.2783796238,-89.0887571429,21
41.9788836,-91.6831934857,22
42.4508953381,-71.5102017762,11
38.4408511571,-122.716244933,22
53.3406268571,-6.2677837,21
42.2733826905,-88.2206259238,22
46.7835338905,-92.1006563619,21
32.9430857571,-96.6010112429,21
42.3642808667,-88.053360519,21
13.6911496619,100.701374252,17
42.9133094381,-87.8630666905,21
37.2010814143,-80.4125106143,21
-6.58806138095,106.795177238,21
40.3938056619,-79.757435719,19
42.1557528143,-88.136893919,17
38.2952980714,-122.461183843,21
39.3043587381,-74.5875072333,16
32.52224813,-93.74255521,20
40.3375362099,-75.9456030088,19
29.8942639,-81.3132083,20
34.2163937,-119.0376023,20
41.656816155,-72.82831647,18
42.814032165,-73.93672595,21
39.1910983,-106.8175387,20
41.00527,28.97696,20
41.6751511,-91.558587395,20
39.67268445,-84.119242175,20
30.0799405,-95.4171601,20
38.74272695,-77.49265572,20
39.91271176,-82.79447125,18
32.463476325,-84.990973375,20
44.5645659,-123.2620435,20
45.463434965,9.18783047,20
47.2528768,-122.4442906,20
37.268803725,-79.94499606,20
48.1391265,11.5801863,20
42.7888393474,-86.1041785684,19
39.2283338474,-84.3119850737,13
41.5004314263,-90.5488130474,20
-36.8500103421,174.761232026,19
40.3973947316,-111.819289579,20
35.2827524,-120.6596156,19
40.2570742579,-111.671838784,19
26.1337302632,-80.3483951579,19
37.9747644,-87.5558482,19
39.3252634316,-84.2780811737,17
35.6058383684,-77.3697718316,19
37.2707022,-76.7074571,19
40.5311593211,-74.7912058947,22
36.0600679737,-94.1614215211,19
40.3514447105,-80.0442165684,18
39.629526,-79.9558968,19
28.8794421167,-81.2809174611,18
43.1432764444,-77.44956795,18
35.4087517,-80.579511,18
28.1535345167,-81.6044270167,18
-6.95,107.4,18
47.6081184667,-122.674233078,19
41.6579966167,-70.2765489111,21
43.2055778889,-88.1281624,18
41.4901024,-71.3128285,18
42.8323800389,-71.2650045222,18
26.9312000056,-80.0919401222,18
37.9410037444,-121.663254972,18
37.6366435556,-120.994702178,18
34.2659,-119.258366,18
41.7266667,-93.6041667,18
41.3844805333,2.16611507222,18
40.1601698222,-105.109582144,18
40.8809617444,-72.8796288167,18
41.4052636389,-73.6618421056,18
60.1698201471,24.9383132059,17
30.5138577059,-97.8241452471,17
35.0425809412,-80.9428202176,16
37.4673427471,-122.433749847,17
42.5595308882,-71.4202113471,15
38.5772718471,-89.9504623353,18
42.0163695765,-71.2065116176,17
43.8882807529,-79.2494531176,17
33.7320970471,-116.372837847,13
43.8506055176,-79.4547358824,17
39.7028500353,-74.2331188412,17
41.5554429529,-87.6810594353,18
41.6474816235,-88.0672177882,12
25.2644444,55.3116667,17
45.7832856,-108.5006904,17
26.8140484882,-80.1104349471,16
42.2411499,-83.6129939,17
38.5992893706,-122.859846659,17
41.9329702882,-88.7466228824,17
40.6945756353,-75.2281018059,17
38.4495688,-78.8689155,17
43.1145141294,-75.2613419294,17
40.4175290824,-3.700048,17
40.12410835,-82.934625375,20
61.2180556,-149.9002778,16
41.0359353,-71.9545146,16
43.1972222,-71.5505981188,16
29.687227625,-95.2105421625,16
41.4032567813,-82.0615174375,20
34.1912895625,-119.179308575,16
34.6100243,-112.315721,16
42.7261309,-87.7828523,16
41.4489396,-82.7079605,16
42.0591407562,-88.27858595,18
33.88562485,-84.75247185,8
32.8406946,-83.6324022,15
39.9673901,-74.8008491333,22
38.5051866,-122.4702578,15
38.2544472,-104.6091409,15
34.4253293067,-119.843194253,15
44.0247062,-88.5426136,15
32.2970022,-90.1789443867,15
41.7798158867,-72.2128874867,15
32.8795022,-111.7573521,15
47.1930266933,-122.283045473,15
39.5872222,-78.8425,15
38.916343,-94.383516,15
47.3859695067,8.53851784,15
42.5848350867,-87.8214261467,15
41.4444640333,-71.4784158067,15
39.5937809667,-84.2722736867,15
38.9581686,-76.2102288,15
35.6528323,-97.4780954,15
26.1420358,-81.7948103,15
33.3703197,-112.5837766,15
45.20235636,-93.4143324,21
24.5582560133,-81.78066036,15
40.5919236857,-80.0003877286,14
37.9552736571,-121.285690514,14
34.8957957,-117.0172826,14
39.6450453071,-106.58465155,14
30.1608822571,-81.7073766571,14
42.1243010571,-71.4558180286,15
41.7012208429,-83.6943819143,10
38.4087993,-121.3716178,14
-7.981894,112.626503,14
33.4150485,-111.5495777,14
41.42598115,-70.5600521143,14
42.3824778929,-82.9209865286,15
33.2112097214,-87.5697489143,14
35.9612081429,-79.9953171,14
33.8230741714,-116.533863386,14
12.9715987,77.5945627,14
39.5500507,-105.7820674,14
39.5210103214,-84.3694660071,10
39.4735458643,-76.2896323357,15
41.5510430643,-72.86511375,14
38.4015781,-122.3608105,14
36.6777372,-121.6555013,14
41.2798201071,-70.1066858929,14
39.7817213,-89.6501481,14
41.3899310714,-71.9709813929,12
48.20662,16.38282,14
29.7030024,-98.1244531,14
44.7630567,-85.6206317,14
30.26190445,-81.3908861,14
43.0831301,-73.7845651,14
44.0581728,-121.3153096,14
42.6976302571,-83.3975135714,14
38.5449065,-121.7405167,13
37.6818745,-121.7680088,13
41.5642213154,-73.0498455692,12
32.6098566,-85.4807825,13
29.5465803077,-95.0716016923,13
41.6085392692,-88.2038890231,12
40.6860049538,-76.1954993538,13
30.0068010385,-95.2530739538,12
40.6427391538,-80.2583477923,13
32.216316,-80.752608,13
41.1586111,-95.9341667,19
41.2803052154,-72.6146751077,9
-8.4095178,115.188916,13
39.0117362308,-94.2621275154,13
42.1061409462,-70.8577638462,15
38.0209678769,-121.866325246,16
42.8424005231,-78.6472026385,13
34.8697395,-111.7609896,13
47.9263513846,-97.028943,13
43.2648333923,-87.9791068923,13
41.0776620077,-81.6623637769,13
32.3199396,-106.7636538,13
42.0166667,-94.3766667,13
41.9225553538,-71.3335030462,10
20.6802171846,-103.352448692,13
38.7977863,-90.7281617077,15
48.4317943077,-123.366736046,14
59.3327881,18.0644881,13
44.6500360769,-63.5747635385,13
29.5456993167,-95.1946151417,7
28.6166398667,-80.8106556083,12
53.543564,-113.490452,12
36.0091031,-75.661171075,12
37.4315734,-78.6568942,12
39.3722121,-104.8560902,12
43.7161803,-75.4165699,12
39.4816537,-106.0383518,12
42.7658583,-78.774722125,11
31.1243133167,-97.7559839417,12
45.68346,-111.050499,12
39.56417,-119.48056,12
41.2798424417,-81.3182458667,12
43.4799291,-110.7624282,12
29.5534236667,-98.2763546167,12
43.0125274,-83.6874562,12
35.6869752,-105.937799,12
34.5361067,-117.2911565,12
38.7024483417,-77.072413825,12
49.2308220833,-122.954544,11
34.6867846,-118.1541632,12
41.6287766833,-70.95096515,13
25.9017472,-97.4974838,12
29.8832749,-97.9413941,12
41.1339834833,-80.7199956583,19
44.0169014,-107.9553721,12
43.414469875,-83.9450426,12
39.439082475,-74.5434017,12
20.88773145,-156.681990733,13
41.336446375,-72.3957366583,13
41.8780025,-93.097702,12
35.1238877167,-120.611883492,12
42.979398,-81.246138,11
30.2251503545,-92.0266358364,11
37.0057816,-121.5682751,11
40.1933767,-85.3863599,11
34.5400242,-112.4685025,11
39.3906404455,-84.1857946091,10
41.0980902909,-74.5454175273,12
38.3031837,-77.4605399,11
38.6705872091,-76.8842093636,13
33.4035503909,-84.5958892182,11
40.3808729909,-75.3176470273,11
26.2034071,-98.2300124,11
41.0289862818,-74.7420333182,13
43.8240065818,-91.2383694091,13
39.5069974,-84.745231,11
41.0948933,-112.004891764,9
19.0176147,72.8561644,11
40.1053196,-85.6802541,11
36.0939724545,-79.4545272,11
4.5980556,-74.0758333,11
43.6863994364,-72.2853156455,11
30.4015039182,-86.4995078636,12
41.9629832364,-70.0405023727,11
36.3302284,-119.2920585,11
39.0558235,-95.6890185,11
29.8044137636,-85.2946185818,11
37.4153192455,-79.1405039545,11
47.3599839273,-122.064682045,11
37.3058839,-89.5181476,11
41.5480106909,-88.0782912182,11
33.8490477364,-83.9107385273,9
-27.4619478273,153.012011118,11
35.2225668,-97.4394777,11
51.2241409182,6.78190863636,11
43.8407090909,-79.0626969818,11
42.4804447909,-89.0331901,11
50.819522,-0.13642,11
34.1889653636,-83.9214685909,11
49.1097840909,-122.835644818,11
33.362778,-112.168611,11
41.4341456,-73.2635896,11
20.88452776,-156.47788889,9
43.79021622,-88.79267549,10
39.25051736,-77.19345142,25
32.58396897,-96.79119266,11
30.40364291,-88.86861277,10
38.20023026,-85.61557594,9
43.452879,-79.701648,10
34.4480495,-119.242889,10
28.17823426,-82.45992738,10
44.93654616,-93.66623858,24
32.3512601,-95.3010624,10
43.7691537427,-79.2663276942,10
40.64183998,-111.5063899,10
42.97422364,-77.41096368,10
30.1765914,-85.8054879,10
39.7284944,-121.8374777,10
47.53699082,-121.84053018,10
26.60642181,-80.15866817,10
47.6262081,-122.5212448,10
43.22765361,-86.2499475,10
53.4807125,-2.2343765,10
47.31990296,-122.57715678,9
34.93506124,-82.2408908,10
22.3083934,113.923907,10
36.5258818,-87.36345292,10
34.2367621,-84.4907621,10
-5.14135313,119.43246178,10
38.88888126,-90.14144165,10
44.94761969,-123.03420744,10
28.1786111,-82.3505556,11
28.01928154,-82.37634569,7
38.04036521,-122.15124402,10
44.80927672,-91.49485888,10
45.5538889,-94.1702778,10
21.40847225,-157.79319447,10
37.1305012,-121.6543901,9
28.635308,77.22496,9
41.4730948,-87.0611412,9
40.3778848,-105.076338389,9
38.9351125,-74.9060053,9
41.5777801,-73.4375395333,18
31.5506115889,-110.283153544,9
42.0442013,-71.334883,1
41.5987940889,-72.6461784778,9
33.7146823667,-116.237784822,9
39.6249897778,-106.068146311,10
40.4172871,-82.907123,9
35.5280783,-108.7425843,9
33.4473361,-84.1468616,12
39.755543,-105.2210997,9
41.1383877,-81.8637474,10
21.158964,-86.845937,9
28.1833333,-82.5683333,9
51.4959419333,-0.441910044444,9
49.2792634778,-122.785800378,9
41.2915792556,-72.7398453111,9
42.9492586667,-89.4414164667,9
33.6718426,-117.315224078,9
41.8594855111,-72.7760791667,8
36.2840020667,-86.6769647778,8
29.1871986,-82.1400923,9
35.042036,-89.6645266,9
39.8309293,-77.2310955,9
39.8467767,-75.7116032,9
50.9406645,6.9599115,9
9.94197163333,-84.0816089222,9
41.1399814,-104.8202462,9
39.6065901,-86.1036587444,9
40.9001302111,-111.878209378,9
42.0273444778,-73.8989610222,9
1.46054267778,124.840025533,9
43.8748415556,-78.9574409778,5
35.0868447,-80.6940195,9
34.9432807778,-120.435749933,9
41.5877058,-83.6735781333,9
43.0950453222,-79.0399647222,10
44.8006882889,-68.7759927778,9
41.152688,-74.3448431333,13
42.0379121889,-86.4905347444,9
39.2067006667,-74.6776229556,8
28.6839111111,-81.5056967778,9
44.1635775,-93.9993996,9
40.5385950333,-85.6173524556,9
59.8230557,22.9692791,9
49.886083,-97.152921,9
30.3674198,-89.0928155,9
34.5794343,-118.1164613,9
38.4220694,-77.4083162,9
37.4562557,126.7052062,9
44.0216306,-92.4698992,9
40.2986724,-83.067965,9
41.5704740444,-73.9161558222,8
33.2696199222,-86.8202972778,9
44.9591352,-89.6301221,9
35.7911047,-78.4995627222,9
41.2110555111,-111.982997244,9
41.8085530889,-73.1748964333,9
43.1644196667,-76.1264359889,9
44.3148443,-85.6023643,9
41.3955718875,-74.1960266125,5
42.5916836,-88.4334301,8
29.945736475,-93.9251433375,8
42.34341965,-73.275662,8
32.3668052,-86.2999689,8
26.5628537,-81.9495331,8
35.1595182,-84.8766115,8
38.800464275,-89.953504225,8
8.994269,-79.518792,8
33.5801103,-85.0766113,8
39.0638705,-108.5506486,8
43.0719066,-85.611737975,8
43.0821013375,-86.19564305,8
39.1856597,-78.1633341,8
42.0167696375,-70.6745503625,8
40.09992305,-111.6584183,8
41.1478674625,-87.867595875,8
30.3582506,-90.0656311,8
39.5708678,-74.286375175,8
47.248749,-121.6854816,8
42.5236111,-92.4463889,8
49.874155125,-119.4588731,8
-30.0277041,-51.2287346,8
51.924216,4.481776,8
47.4984056,19.0407578,8
39.3292396,-82.1012554,8
22.8905327,-109.9167371,8
33.9815369,-81.2362107,8
46.247847,-63.12021,8
32.6113028375,-83.6445022125,8
19.5267522375,-99.2388025125,9
25.6797838,-100.4168299,8
37.7592917,-84.2915744,8
42.1024613125,-76.8186766,8
39.462463425,-74.7225649625,8
47.9128756,-122.0981848,8
35.189443,-114.0530065,8
43.6482432375,-70.38381465,8
45.3952177125,-84.9690807,8
32.4487364,-99.7331439,8
31.046051,34.851612,8
35.1714766875,-79.454477525,8
52.0873556,5.0815494375,8
40.96950295,-72.606632175,8
36.11909145,-80.0661203875,8
13.9909692,100.632518212,8
55.9501755,-3.1875359,8
33.0185039,-80.1756481,8
41.024691175,-75.233666775,7
27.200950675,-80.251610375,8
43.0058865375,-70.923736875,8
35.7688676,-83.971709625,8
43.4710944,-89.7442906,8
29.974373025,-95.69484485,8
35.7595731,-79.0192997,8
33.3689357875,-84.795664025,8
32.8961755,-109.8275815,8
46.060761325,-118.354340975,8
41.35,-79.7580556,8
48.4315288375,-122.33192955,8
19.6334028125,-155.992256987,8
25.0543900714,121.553759471,7
37.7396513,-121.4252227,7
34.2438963,-116.9114215,7
35.1629368286,-89.9220050429,5
42.3211522,-85.1797142,7
31.3271189,-89.2903392,7
50.0860238857,14.4242415,7
43.039233,-76.3040965,7
40.1930709429,-76.7338166,7
38.026097,23.7672721429,9
43.1363889,-93.38,7
39.4417782143,-75.7127887857,7
38.2445963714,-122.040085314,7
35.9828412,-86.5186045,7
-2.9911083,104.7567333,7
39.1836082,-96.5716694,7
43.7491617143,-87.7241334429,7
44.73525,-92.85265,7
33.6914066429,-84.0577566429,7
37.27528,-107.8800667,7
45.4508336143,-73.7800871857,8
34.9495672,-81.9320482,7
41.4495780571,-72.0642109714,7
38.5787965,-122.5797054,7
17.9973539714,-76.7945437857,7
41.3361318571,-75.7867623286,5
37.9624211143,-91.8231813571,7
39.6417629,-77.7199932,7
35.7908053714,-83.5386184714,7
34.6086854,-98.3903305,7
28.0319311857,-81.7491071429,7
46.872146,-113.9939982,7
33.7102174429,-117.215566543,5
34.7143303857,-82.4861874286,7
20.7546032,-156.462777771,7
39.548935,-89.294533,7
41.1978844571,-74.8725088571,7
34.6951058286,-82.8213331714,7
39.6067789,-75.8332718,7
41.4283298571,-87.3668613,7
42.8627220571,-88.1750661143,12
39.0607791,-74.7820202857,7
41.9293251571,-73.9952376571,8
41.5173068571,-74.2171850286,7
43.6155825,-84.2472116,7
43.6121087,-116.3915131,7
36.1696079,-75.7551854,7
42.7143904286,-88.2528452,6
40.2793426143,-75.6366139857,7
41.9164343,-83.3977101,7
28.0493450429,-81.6171398,5
32.5420821,-97.3208492,7
43.685271,-79.759924,7
48.2325095,-101.2962732,7
39.0793305286,-94.4223720857,7
34.7370639,-82.2542834,7
40.3268075286,-75.4528765571,12
50.1115118,8.6805059,7
29.5849736,-81.2078411,7
33.60535,-111.741113,7
40.0664464,-74.5548944571,7
43.3242075714,-88.4014187143,7
42.7985121857,-71.0708593714,7
32.5631924,-97.1416768,7
31.2448234,-92.1450245,7
44.8755183,-91.9193422,7
20.8067314286,-156.329229629,7
42.1239511714,-83.2840186,9
43.1902120286,-70.6197046429,6
-12.0713309429,-76.9843099,7
33.3942655,-104.5230242,7
52.0268414857,4.34205518571,7
41.4459271,-74.4229341,7
37.0842271,-94.513281,7
40.1447732,-84.2424449,7
42.5037635,-83.7698239429,10
35.2219971,-101.8312969,7
44.0478889,-91.6404389,7
46.2057645,6.141593,7
40.3857772286,-82.4477405429,7
18.3807819,-65.9573872,7
41.2695994286,-95.8766103571,7
43.7225102286,-80.1425283429,7
34.2301460429,-117.1519814,8
38.8965654,-121.0768901,7
43.5978075,-84.7675139,7
41.3747744,-83.6513229,7
45.5355979571,-122.409551386,7
42.6580168429,-70.8225822143,14
47.045622,8.3086621,7
42.6072552,-83.9293952,7
39.8914998429,-88.9557423,7
44.0153371,-73.16734,7
-5.45,105.2666667,6
42.5005583,-90.6645718,6
40.2025,-77.195,6
29.5036627,-95.4878132,6
41.4020382,-74.3243191,6
33.0801429,-83.2320991,6
33.5967815,-83.8601827,6
33.9204354,-80.3414693,6
43.485433,-79.9027221333,6
25.0637750333,-77.3405139333,6
28.5552719,-82.3878709,6
36.7280583,-108.2186856,6
37.7030646,-85.8649408,6
28.2489016,-81.2811801,6
40.0394982,-84.2032767,6
35.0008950833,135.781778617,6
43.6823697333,-114.361066767,6
35.632279,-120.664187,6
42.8125913,-70.8772751,6
38.8159473,-76.7496909,14
43.7730448,-88.4470508,6
34.5008311,-117.1858759,6
35.9489566,-85.0269014,6
41.80287345,-71.9017026667,6
43.6666296,-92.9746367,6
37.7272727,-89.2167501,6
27.2758333,-80.355,6
51.6306815,-0.3292609,7
58.3019444,-134.4197222,6
35.2372173,-89.7120264167,6
28.4849993,-82.5519609833,6
40.2859239,-76.6502468,6
-6.97149065,110.425488567,6
34.6980459167,-86.7464008333,6
47.7423218,-121.9856781,6
48.415802,-89.2673,6
27.6386434,-80.3972736,6
38.843712,-102.145798,6
51.3757056333,-0.190518316667,8
40.4756563167,-75.35527125,6
42.6418783,18.1064811,6
32.7667955,-96.5991593,6
52.9399159,-73.5491361,6
37.7306054,-88.9331256,6
41.4494396167,-82.1755687833,6
33.9424658,-117.2296717,6
33.8834616333,-112.143212533,6
37.0952778,-113.5780556,6
35.0886963,-92.4421011,6
33.5577509167,-84.5708562667,5
42.3304035,-122.912864733,6
35.751179,-86.9300023,6
38.1790841333,-121.28263295,6
-26.2043874667,28.0458471833,6
29.5780146667,-95.7687463833,6
31.9575818,-110.955646,6
32.9312336,-96.4597089,6
41.6819935,-85.9766671,6
32.3865312,-96.8483311,6
23.634501,-102.552784,6
46.6020711,-120.5058987,6
-31.9481603,115.84443605,6
38.1743222333,-92.65393085,6
33.5604168,-81.7195533,6
53.5538148,9.9915752,6
38.8011334333,-77.6213803333,6
33.5684599,-83.3623853,6
42.2515436333,-84.4110001833,6
35.2649814,-116.0744571,6
13.8868748333,100.486194,6
33.9928834,-83.8862437333,6
45.25054135,-93.5981639333,6
59.939039,30.315785,6
36.8252277,-119.7029194,6
39.9652553,-74.3118212,6
44.0518262667,-79.4732902,6
33.8160058,-78.680016,6
39.2461138,-94.4191177,6
41.1784269167,-74.23979745,27
50.8484208667,4.35436051667,6
30.064742,31.249509,6
44.27346425,-73.9756794167,6
19.1817393,-88.4791376,6
38.2967917667,-76.5002781,6
51.5030749667,-2.55677743333,6
41.0755625167,-72.3741578167,6
38.3572291833,-75.5846506333,6
38.0770328,-77.3050753,6
39.1291866,-75.5082563667,6
40.6297401,-89.4086504,6
40.8936171833,-72.7485250833,7
32.4180901667,-111.181035367,6
38.4192496,-82.445154,6
41.5979987,-73.7808086333,6
37.413752,-76.5255062,5
38.5733155,-109.5498395,5
47.77170724,-122.51985966,5
40.10715058,-104.93686588,5
39.19084524,-120.2175168,4
39.10026892,-77.66760896,5
45.10309602,-87.62410686,5
55.378051,-3.435973,5
29.4832863,-94.9221465,5
59.9127263,10.7460924,5
43.0630833,-83.8510732,5
39.79987952,-76.75680566,5
46.79707282,-71.30259264,5
38.3226153,-75.2176892,5
30.5043583,-90.4611995,5
40.53512328,-75.60301012,5
39.8637818,-83.926876,5
42.6934777,-71.61629176,5
42.9300668,-75.8526915,6
44.48923772,11.3594802,5
-7.5666667,110.8166667,5
51.964711,7.628496,5
38.1074198,-122.5697032,5
41.8580556,-73.8122222,5
41.89844576,12.47075018,5
40.6214551,-79.1525349,5
47.4736111,-94.8802778,5
31.95861,-83.98861,5
37.36087126,-77.45431766,5
45.814912,15.9785145,5
45.37763106,-92.87527054,5
30.080174,-94.1265562,5
42.8656324,-73.7709535,5
43.04156162,-77.63497076,5
39.72672478,-75.29674268,16
34.28382392,-83.83612214,4
10.76922274,106.6848225,5
-34.92569966,138.6152768,5
34.2006503,-86.1663655,5
48.015098,-122.0637425,5
41.77027066,-86.09883798,5
36.0959715,-79.2669619,5
38.6785157,-121.7732971,5
42.96477146,-82.41157366,5
-33.0504619,-71.6164515,5
38.8026097,-116.419389,5
29.7791667,-82.4797222,5
47.66869542,-117.2076145,5
42.3147436,-88.4487021,5
36.3007835,-119.7829107,5
42.54842348,-71.7767946,5
38.704085,-78.43448908,5
43.243603,-79.889075,5
44.22222702,-72.5313844,5
28.03217786,-82.60850312,5
41.7354861,-111.834388,5
47.5962326,-120.6614765,5
39.9508733,-86.261937,5
40.60699752,-79.74714984,5
43.7547966,-71.3967392,5
38.8402805,-97.6114237,5
-34.51964372,-58.51566368,5
41.8770272,-72.39807768,9
40.1798165,-76.1788391,5
39.0916586,-104.872758,5
42.14069112,-83.7629645,5
41.74543852,-70.61769808,5
31.8456816,-102.3676431,5
33.6142714,-85.8349648,5
-25.4283563,-49.2732515,5
45.59390808,-73.75136088,5
43.6242362,-72.5184275,5
47.1624174,-122.5600955,5
40.12719074,-74.20012392,8
38.52411204,-75.05440292,5
34.71055064,-76.69437548,5
41.5822716,-85.8344383,5
44.4582983,-93.161604,5
40.9238916,-98.35163808,5
39.93086144,-82.01731288,5
39.86261308,-84.1543288,5
36.19774404,-94.12903638,5
34.70688076,135.50510408,5
42.6824828,-82.72347868,14
46.98616922,-94.9567623,5
34.7698021,-84.9702228,5
34.6856555,-82.9532036,5
47.5002354,-111.3008083,5
41.95391804,-71.08571716,4
49.45052,11.08048,5
25.4687224,-80.4775569,9
36.910231,-121.7568946,5
39.0283966,-84.2177136,5
36.4796839,-121.7324476,5
35.7826363,-80.8872959,5
41.49692072,-87.95438692,8
41.56115038,-71.49470706,5
32.6082373,-80.0848166,5
41.579074,-81.208531,5
27.78441664,-82.4078157,5
41.45587454,-73.0447184,5
42.73416,-90.4784621,5
4.570868,-74.297333,5
31.32192452,-92.4132767,5
43.3487,-79.7903,5
43.77035226,-70.21529386,5
64.8377778,-147.7163889,5
32.9573133,-105.7424855,5
39.3262153,-75.1895576,5
35.262082,-81.1873005,5
35.3859242,-94.3985475,5
43.5944677,-83.8888647,5
33.7475203,-116.9719684,5
32.4487876,-81.7831674,5
39.9852617,-104.8205283,5
18.47774116,-69.88993582,5
30.8327022,-83.2784851,5
41.6820563,-69.9597376,6
41.321755,-75.3054585,4
-0.229498,-78.524277,4
44.097510975,-69.12712455,4
43.387342,-80.321323,4
56.819817,-5.105218,4
45.2846507,-111.368292,4
42.5159145,-73.6101159,4
42.4861111,-91.4572222,4
45.92273755,-66.6651706,4
53.4107766,-2.9778383,4
42.6827885,-89.0187222,4
30.307932675,-89.311877225,4
36.0023733,-78.49208335,4
34.9159099,-85.1091173,4
18.4771169,-66.6652785,4
52.6347704,-1.1295191,4
41.54118305,-73.211057525,4
42.4030865,-86.2736407,4
47.6776832,-116.7804664,4
36.482904525,-94.295636175,4
37.2232316,-81.4498717,4
40.8088889,-72.6461111,4
29.6657838,-95.0193728,4
30.2943681,-87.5735935,4
44.3773386,-121.6536619,4
41.369885475,-74.675509875,4
42.8509201,-72.557866325,4
42.0416667,-92.9144444,4
41.1734169,-76.2935477,4
42.8666803,-88.3334274,4
39.2864787,-80.2561981,4
35.9785911,-114.8324851,4
46.35722,-94.19444,4
38.7134516,-77.7952712,4
40.4328308,-75.897063575,5
40.2645371,-75.8040852,4
32.0019444,-110.7002778,4
-7.56582295,112.24727435,4
40.8050565,-81.935143,4
47.9445396,-122.3045815,4
43.8230556,-111.7852778,4
37.08626715,-122.117048375,4
35.7331878,-81.3411974,4
35.108493,-77.0441143,4
52.4829614,-1.893592,4
34.1650972,-84.7999382,4
36.2077288,-119.3473379,4
40.05347555,-80.731054475,4
60.6902778,-151.2888889,4
29.23580525,-98.698766975,4
43.01780505,-84.1560806,4
32.54879055,-117.03115245,7
18.1474625,-65.4448811,4
36.2139814,-83.2948922,4
34.7540524,-77.4302414,4
42.735151075,-83.56258345,4
-5.7944785,-35.2109531,4
46.8716667,-96.895,4
36.955134725,-76.5772843,4
32.7287472,-94.9424379,4
44.098475925,-70.227068225,4
39.4667034,-87.4139092,4
33.3108276,-117.322753775,4
35.5174913,-86.5804473,4
30.026667,-95.844167,4
37.3020965,-78.3919401,4
39.522110925,2.86699545,4
36.58307555,-119.434568575,4
36.3134397,-82.3534727,4
-33.9192396339,18.404622304,4
42.8689552,-76.9777436,4
42.8713032,-112.4455344,4
28.1558333,-81.4763889,4
50.9257089,-1.39595115,3
42.9680729,-85.49669,4
37.8781384,-85.95966295,4
34.2828722,-84.7452138,4
31.134668,-97.00486,4
35.444657675,139.63910535,4
38.37209625,-81.79578055,4
33.1384479,-95.6010668,4
33.949281,-83.534608,4
32.968408925,-80.026619025,4
40.8689892,-72.5175893,4
45.32106255,-93.7703489,4
40.1398166,-75.89554115,4
29.5427168,-90.3381361,4
38.3498195,-81.6326234,4
33.991833625,-86.0105969,4
31.7607195,-93.0862749,4
48.679137075,8.99668125,4
43.00994825,-85.783018675,13
48.0632864,-114.0726134,4
12.5315671,-70.0171819,4
42.7978061,-83.7049498,4
35.6145169,-88.8139469,4
43.369141,-80.98126,4
32.17121665,34.844791675,4
39.896454,-82.4201539,4
41.5336616,-84.9127396,4
40.3981415,-77.0230334,4
39.7577778,-94.8363889,4
40.486427,-86.1336033,4
43.30055265,-70.58300345,4
43.3207365,-1.9844209,4
41.1703592,-76.8769076,4
32.87167,-96.14833,4
43.4252776,-88.1834277,5
53.5837721,9.6986642,4
38.149576,-79.0716958,4
34.285558,-118.8820414,4
36.216795,-81.6745517,4
38.3565773,-121.9877444,4
41.88377,-70.928757,13
41.7475933,-74.0868095,4
42.2094839,-85.784453,4
26.1616033,-97.6636016,4
26.964573925,-82.0793252,4
35.8422967,-90.704279,4
47.2371658,-93.5302142,4
39.2889903,-77.8597175,4
40.86032345,-124.07809995,4
44.1735996,-88.2598276,4
27.4467056,-80.3256056,4
40.3772059,-105.5216651,4
38.959564625,-119.963965125,4
30.7235263,-95.5507771,4
32.3909071,-110.966488,4
39.6402638,-106.3741955,4
26.339806,-81.7786972,4
50.63443,4.61055,4
17.8964345,-62.852201,4
28.347572525,-82.250849925,4
36.059296925,-87.3313302,4
27.8339158,-97.0610994,4
42.1945758,-122.7094767,4
3.043061,101.4406571,9
39.2014404,-85.9213796,4
40.7694969,-83.8227148,4
35.0526641,-78.8783585,4
36.1631817,-81.8715019,4
42.8931029,-77.735488725,4
27.8503044,-82.174811,4
44.9581644,-124.0178914,4
39.785043,-85.7694226,4
43.35777955,-73.61865775,4
22.01071,100.799776,4
44.0805434,-103.2310149,4
23.4238221,85.4395723,4
51.1133388,-0.1829137,4
42.45598735,-73.22559025,4
35.907757,127.766922,4
41.003698,-76.4549457,4
42.8779574,-71.65003435,4
1.34739325,103.9676999,4
42.185752,-79.4292142,4
28.95613335,-81.986786575,4
42.4585626,-96.40828695,4
32.7481845,-96.4719312,4
63.0129276,21.6488084,4
41.61746825,-87.11336705,4
36.2081098,-86.2911024,4
40.78717705,-75.652548775,4
-14.235004,-51.92528,4
0.5333333,101.45,4
31.4504629,-83.5084973,4
46.3237423,-120.0086538,4
39.5214373,-85.7769238,4
5.555717,-0.196306,4
36.1156071,-97.0583681,4
19.7297222,-155.09,4
36.018897625,-84.288326625,4
40.17396,-80.2461714,5
38.719522475,-9.14001065,4
43.1381247,-75.5707345,4
30.2781731,-93.7845348,4
44.5235792,-89.574563,4
35.283102975,-82.4463692,4
41.6023245,-71.2503257,4
43.9747838,-75.9107565,4
34.60470855,-120.1651493,4
38.8697146,-106.9878231,3
43.5249088,5.4541444,3
37.9719302667,-120.221002733,3
19.0412967,-98.2061996,3
32.673188,-97.4605759,3
46.1381676,-122.9381672,3
51.0146532,-3.1034462,3
39.7996464333,-74.7267679333,4
41.6414438,-80.1514484,3
41.8012093667,-72.8963049,3
36.0317472,-84.0279677,3
53.8007322667,-1.54875203333,3
43.6521775,-94.4610832,3
41.3113669,-105.5911007,3
36.139678,-120.3601496,3
61.3213889,-149.5677777,3
36.6859829,-77.5424809,3
-7.2484108,107.9096506,3
39.900076,-79.7164326,3
38.2313969,-121.453655433,3
48.3654574,10.8947684,3
42.4528571,-75.0637746,3
28.8030471667,-81.6715566667,3
44.8503044667,-123.2025066,3
38.5581072,-91.0120878,3
42.7638286333,-85.4984442333,3
46.9753708,-123.8157218,3
35.7453552,-89.5297973,3
40.1017643,-76.085227,3
40.1528719,-76.6027455,3
43.5344287667,-71.4491467667,3
43.6980782,-85.4836557,3
32.312528,-64.7653716667,3
36.3984803,-78.1552706,3
31.7857,35.2007,3
41.5874644,-109.2029043,3
41.3580484,-93.5574376,3
30.0665907,-90.4800848,3
35.30004,-106.5511369,3
37.2414712,-77.8138553,3
42.9011708,-78.3886312,3
42.108428,-72.0786871,3
34.2331373,-102.4107493,3
33.4504157,-82.1981764,5
33.1795213,-96.4929797,3
45.4646985,-98.4864829,3
20.9868563,-89.6074915,3
30.3349314,-95.4685516667,3
33.836081,-81.1637245,3
39.6988812667,-86.832906,3
43.7638476,-93.3290985,3
33.5929472,-79.0086464,3
50.8513682,5.6909725,3
40.7967244,-81.5215093,3
34.6704459,-120.443866367,3
55.8656274,-4.2572227,3
44.3835763,-89.8173465,3
40.7091121,-112.1016088,6
28.8230369,-82.665935,3
-7.481253,110.213799,3
36.8524545,-121.4016021,3
43.7384176,7.4246158,3
48.2532133333,14.2515566667,3
44.5074758333,-93.9081255,3
37.861073,-77.461708,4
31.3445471,-109.5453447,3
41.1208668,-88.835352,3
46.2830556,-96.0775,3
41.3922726,-84.1252243,3
35.36388,-99.5232572,3
35.0475869,-92.7940557,3
39.8289369,-84.8902382,3
39.5210995,-105.3052708,3
49.214439,-2.13125,3
37.5234794,-77.3158118,13
51.7248763333,-1.2655934,3
39.3937147667,-76.95609,4
32.3526456,-90.877882,3
39.6723386,-74.8501637667,3
50.255069,-119.292145,3
45.1006455667,-87.2636460667,3
27.4116687,-82.3978309,3
45.120206,7.815466,3
44.7132969,-93.4227274,4
34.4212052,-84.1190804,3
37.962303,23.915296,3
26.4481305,-82.0273235333,4
32.3212554,-89.1633929,3
44.2192901,-123.2056484,3
42.8130252333,-77.8663005667,3
36.2087468,-79.9047583,3
-28.0017437,153.4284401,3
42.9169462,-89.2178937,5
35.4495065,-97.3967019,3
38.9938808,-105.0569301,3
39.3899254,-3.2101372,3
46.8171808,-95.8453253,3
39.327962,-120.1832533,3
59.4388619,24.7544715,3
39.8006553,-76.9830358,3
43.971739,-70.6092258,3
46.2325063,-103.6554735,3
43.0909635333,-77.7806744667,3
27.5875357,-82.4250941,3
40.9262077,-75.0926762,3
52.13437,-106.647656,3
29.0277462333,-95.4106813667,3
38.403903,-96.1816626,3
39.6333213,-105.3172146,3
34.1355582,-116.0541689,3
35.2981943,-81.0159081,3
46.2962127,7.0559553,3
28.1825147,-81.8239676,3
27.506407,-99.5075421,3
-7.459679,112.741987,3
31.9829253,-98.0336454,3
41.767575,-76.4427188,3
38.4095298,-82.2945923,3
42.72278,-75.12583,3
41.9758974,-71.5265226,5
39.3331197,-82.9824019,3
37.5393006333,-75.8221526333,3
30.6326942,-97.6772311,3
36.381111,-75.833333,3
45.1872112,-87.120945,3
39.6952629,3.0175712,3
48.5342662,-123.0171242,3
33.3870578,-84.2829784,3
34.7882362333,-87.6843809,3
39.3252311333,-94.9220844667,3
47.6519684,9.4784851,3
24.9242995,-80.6278404,3
30.0852135,-97.8402827,3
44.8839001,-84.3055687,3
45.767299,4.8343287,3
-23.6705039333,-46.5599217333,3
41.6058063,-71.9911609,3
40.1723862667,-79.5639281,3
26.438136,-81.8067523,3
37.2577171,-120.9988154,3
50.4500333333,30.5233555333,3
37.8058530667,-121.2362384,3
44.2949636,-93.268827,3
30.585164,36.238414,3
44.4097069,-103.5090786,3
43.1452778,-95.1472222,3
36.0463718,-112.1540586,3
41.0545292,-76.2332676,3
30.7689907,-86.9824288,3
50.116168,-122.959423,3
34.9245935,-80.7434019,3
35.616349,-119.6942941,3
43.194167,-71.151389,3
39.7969322,-105.4938853,3
18.4334704,-64.6332782,3
38.9756653,-77.6413817,3
43.4261809,-73.7123408,3
42.5289079333,-88.1058256667,3
39.1272558,-120.0202964,3
51.3959823,-0.5293988,2
34.3664951,-89.5192484,3
35.3607820667,-97.5025357,3
35.4284482667,-82.5281768667,3
39.9356016,-91.4098726,3
38.4429021,-76.7438544,3
33.4487257,-84.4549262,7
31.4637723,-100.4370375,3
33.3631705,-97.1739027,3
-37.701486,144.8738088,3
41.648826,-70.4821124667,3
39.0834398,-78.2180567,3
42.8742314,-77.2880382,3
33.6609389,-95.555513,3
36.548434,-82.5618186,3
42.1034075,-76.2621549,3
30.0175728667,-95.1159032667,3
43.5946963,-96.5719896,3
42.4927641,-92.3429631,3
15.870032,100.992541,3
39.9375911,-77.6611022,3
34.8639719,-84.324087,3
35.1544439667,-114.569872467,3
38.1364479,-97.4346089,3
42.7852922,-88.405096,3
34.9727305,-105.0323635,3
39.9956193,-82.6743341,3
10.4853356667,-66.8945968333,3
35.6150716,-87.0352831,3
38.6946259,-120.8149355,3
51.455041,-0.9690884,3
45.7786111,-111.1788889,3
41.7014912,-71.1550451,3
41.5604794333,-70.5960479667,3
41.0061939333,-80.3776026667,3
32.1574351,-82.907123,3
38.7634107333,-76.6205305667,3
46.5088558,-94.3125917,3
-7.090911,107.668887,3
35.483406,-86.4602717,3
40.8020712,-124.1636729,3
35.86166,104.195397,3
34.7391876,-112.0098791,3
-45.8787605,170.5027976,3
17.385044,78.486671,3
42.7006303,-74.924321,3
40.4159779,-83.7898421,3
33.3614631,-118.4396756,3
30.3960324,-86.2288322,3
27.6947732,-80.543845,3
40.3014581,-79.5389289,3
28.0048899,-106.1941991,3
45.39976,-93.389566,3
48.6152778,-93.4016667,3
45.2732822,-66.0638097333,3
-38.04554,145.3672877,3
35.2813412,139.6722005,3
37.7415949,-121.1243828,3
45.2980224333,-92.9891999,3
43.9188761667,-69.9688465,3
48.5126045,-122.6126718,3
36.3883809,-86.4466599,3
44.6697805,-74.9813084,3
39.8814519,-83.0929644,3
39.3762145,-77.154704,3
43.1535728,-93.2010367,3
34.442162,-116.948997,3
21.7890179333,-72.2648234,3
33.0417111,-116.868082,3
40.4882189,-78.3927914,3
30.5993603,-87.1610807,3
45.2101162,-123.1987163,3
4.210484,101.975766,3
31.3269183333,-110.933946567,3
29.0891857,-110.9613299,3
45.6011869667,-123.1291463,3
25.280282,51.522476,3
38.2097967,-84.5588311,3
38.9108325,-75.5276699,3
12.879721,121.774017,3
48.2931559,-122.6432245,3
40.742551,-84.1052256,3
44.9507081333,-92.7657593,3
18.430958,-66.484242,3
41.04422,-83.6499321,3
42.0420722,-71.8695123667,3
45.4343363,12.3387844,3
-6.4058172,106.0640179,3
40.9783250667,-75.9814065333,3
37.176447,-94.3102228,3
43.5036028333,-70.4245875333,3
41.65,-93.4725,3
29.9919085,-81.6781467,3
32.6495064667,-115.4915788,3
41.9645371,-73.4401214,3
5.2632341,100.4846227,3
51.183477,-110.584261,3
43.2569629,-2.9234409,3
43.1706128,-78.6903098,3
37.7742152,-87.1133304,3
44.0661044,-87.8842583,3
44.0682019,-114.7420408,3
53.2737969,-9.0517799,3
12.1363889,-86.2513889,3
9.6583333,-82.7527778,3
38.2769149,-112.6410518,3
30.2835346,-86.0304942,3
40.3697905,-80.6339638,3
52.835975,-6.9245496,3
42.4400576,-79.3317105,3
34.2576066,-88.7033859,3
34.4498896667,-77.5490435333,3
18.2153263667,-66.0700731667,3
41.4682714,-88.2307111,3
39.2190608,-121.0610606,3
32.8951262,-97.5458565,2
41.2425531,-82.6157331,2
40.3409251,-76.4113497,2
18.5204303,73.8567437,2
47.8553772,-121.9709579,2
39.27035285,-81.5672082,2
40.8267526,-76.55565135,2
51.5661475,0.629638,2
44.4416667,-92.2716667,2
46.5180824,-123.8264512,2
50.3703805,-4.142653,2
20.6220182,-105.2284566,2
44.374161,-83.797279,2
6.235925,-75.575137,2
34.2308684,-111.3251355,2
35.0241873,-110.6973571,2
43.1144385,-89.6556777,2
40.6955572,-105.5943388,2
44.2239488,-74.4640575,2
18.220833,-66.590149,2
44.635221,-124.05462655,2
29.31166,47.481766,2
40.4897871,-81.4456706,2
32.8350521,-116.7664109,2
33.0848442,-97.2961286,2
24.67958865,46.7397272,2
31.6333333,-8.0,2
-21.8669781,35.4398407,2
59.6425,-151.5483333,2
37.3488827,-108.5859265,2
31.0560132,-97.464453,2
49.488503,-119.581869,2
-0.4373359,117.247496,2
51.21992,4.39625,2
33.352335,-87.054241,2
39.1697626,-91.8829484,2
33.3401108,-86.6302625,2
39.63211915,-75.36843815,2
36.3433965,-88.8503379,2
38.5221781,-77.1024902,2
44.8831249,-68.671977,2
40.3062736,-121.2319098,2
40.3933994,-81.3337215,2
26.9102778,-101.4222222,2
40.5608387,-119.6035495,2
50.503887,4.469936,2
24.4666667,54.3666667,2
40.4849769,-106.8317158,2
35.6865889,-85.7801453,2
35.6224561,-117.6708966,2
19.8336111,-155.1072222,2
42.1959225,-73.3620564,2
35.6178951,-82.3212302,2
39.9242266,-83.8088171,2
-8.52137805,115.2953502,2
40.8936647,-83.6502092,2
42.5939168,-86.1017009,2
-21.2115445,-50.4261364,2
34.6935359,-84.4802606,2
43.9486126,4.8059666,2
26.9620053,-82.3525952,2
36.4242303,-89.0570096,2
47.05,7.6166667,2
43.420556,-88.340833,2
44.8084467,-124.0631713,2
55.63781955,13.0348906,2
51.5236899,5.10742785,2
40.8436663,-81.7640212,2
61.7213889,-143.986111,2
18.7818434,98.99174615,2
20.62806415,-87.0790162,2
40.0411536,-86.8744516,2
36.1034126,-84.1318632,2
44.8837,-93.970899,2
45.14315,-76.141197,2
45.884258,-95.373978,2
42.6976262,23.3222839,2
42.29684765,-73.57033725,2
37.1511655,-88.7319979,2
42.5422939,-76.6660589,2
33.17859095,-87.4213917,2
33.2971012,-81.0348202,2
19.181726,72.960864,2
44.5432966,-93.5760652,2
42.0314456,-80.2553407,2
36.9903199,-86.4436018,2
-22.9063648,-47.0615741,2
38.6617205,-86.4516557,2
33.3851948,-110.770109,2
33.1960027,-80.0131374,2
-3.68148185,128.16451145,2
19.4968732,-99.7232673,2
52.0559922,-2.7175467,2
45.669807,9.2089967,2
51.2940006,-0.754624,2
45.8455083,-91.5404467,2
44.263565,-76.50336,2
39.4862267,-75.0257313,3
42.6889235,-84.2830245,2
39.6847822,-83.9296526,2
42.8336205,-88.7323272,2
33.6356618,-96.6088805,2
52.2296756,21.0122287,2
39.2109464,-86.2437941,2
45.6618798,-110.5624285,2
30.4200708,-86.6170308,2
51.373761,0.54026875,2
53.3830548,-1.4647953,2
33.9371122,-79.1342069,2
22.6251075,120.3089541,2
40.98338965,-81.4595586,2
48.7771056,9.1807688,2
30.306098,-97.9523768,2
55.3422222,-131.6461111,2
28.8052674,-97.0035982,2
52.9218993,-1.475642,2
-26.991072,-48.6352084,2
35.170694,136.881637,2
34.257038,-85.1646726,2
52.3926126,4.6303704,2
45.7809491,-122.5334307,2
30.0929879,-93.7365549,2
8.537981,-80.782127,2
35.6127598,-115.3902716,2
-0.2787808,111.4752851,2
44.6621493,-111.1041092,2
34.502628,-117.838646,2
41.3436554,-86.3097278,2
35.34416545,-120.8406408,2
35.04222,-117.66667,2
30.2265949,-93.2173758,2
5.36883735,100.3034008,2
32.2732024,-89.9859158,2
32.770075,-108.280326,2
41.4747732,-84.5524508,2
44.0383332,16.1947996,2
41.999056,-80.138294,2
31.2074197,-83.2501548,2
24.1501874,120.6429991,2
44.8078657,10.3295478,2
43.58833,-72.65639,2
40.5865396,-122.3916754,2
42.1503177,-84.037723,2
3.169411,98.4858141,2
37.81743145,-79.46241015,2
43.8909703,-0.4979027,2
43.62139,-70.556525,2
39.0288809,-104.4830238,2
43.2483002,-0.6036226,2
42.866632,-106.313081,2
18.455759,-69.307808,2
45.5260681,-92.5085348,2
40.9625467,-85.3733078,2
51.4109723,-0.8349256,2
50.785996,-0.675879,2
45.1753502,-78.7889122,2
56.130366,-106.346771,2
-3.3959717,114.5850799,2
60.60607,21.436855,2
42.15243535,-77.07441345,2
35.4119944,-99.4042592,2
54.3520252,18.6466384,2
40.5992324,-80.4728444,2
37.267916,-76.0174336,2
25.0865151,-80.4472802,2
44.07872,-80.1996,2
41.053422,-75.4629636,2
38.7627893,-93.7360498,2
29.4749754,-81.1270035,2
44.2444473,-86.324253,2
44.2098011,-69.0647593,2
36.4220207,-94.4535484,2
34.5827699,-117.409215,2
42.9722455,-85.9536535,4
51.3392549,1.2797628,2
42.47417,-98.8087033,2
38.3009028,-85.60857225,2
30.7563889,-81.5713889,2
39.321327,-78.293724,2
20.4310062,-86.9080654,2
34.7014839,-83.7315675,2
41.14284505,-75.24567165,2
35.1212408,-81.5159246,2
44.204279,-77.378742,2
35.7901559,-78.2038842,2
41.2411897,-77.0010786,2
44.4802412,-93.4285587,2
33.9135061,-78.3038892,2
36.05930385,-80.40061,2
34.1448193,-84.9329986,2
34.154444,-109.972778,2
53.7266683,-127.6476206,2
34.4047987,-103.2052272,2
47.0499507,-88.6148185,2
46.0391817,4.0718684,2
39.3209801,-111.0937311,2
53.996941,10.781845,2
40.98464885,-76.90707275,2
-1.265386,116.8312,2
52.6317757,1.3212247,2
39.7418124,-83.570964,2
30.4196584,-83.3004216,2
16.46584505,102.85076655,2
50.6371834,3.0630174,2
46.818188,8.227512,2
44.322418,-93.975304,2
56.1704026,14.8630072,2
42.63821145,-84.718047,2
47.4234599,-120.3103494,2
46.4666667,30.7333333,2
39.233627,-84.159592,2
38.6967148,-89.225627,2
40.8686675,-82.3182178,2
44.2764083,-84.2386132,2
48.0027778,37.8052778,2
35.384226,-97.7244867,2
30.3771446,-86.3443908,2
54.9044493,-1.3814533,2
48.068611,-122.290556,2
39.6203259,-90.0440001,2
40.3144833,-89.169809,2
29.4870559,-101.1447493,2
43.9552825,-86.4525831,2
34.4263886,-117.3008784,2
15.1449853,120.5887029,2
46.1878841,-123.8312534,2
44.74865,-79.883781,2
33.6172329,-114.5891744,2
19.45,-70.7,2
39.4562099,-77.9638869,2
50.179683,8.508596,2
43.0772818,-78.1869623,2
30.63612425,-87.91289185,2
41.9392552,-74.9132182,2
33.4918203,-80.8556476,2
35.4448836,-78.4269489,2
42.90161515,-71.18408835,2
39.8208925,-84.0193789,2
3.4205556,-76.5222222,2
44.363296,-72.4663426,2
33.1023454,-84.3426997,2
43.1189978,-124.408448,2
38.7042119,-91.4373844,2
44.5661111,-92.5369444,2
36.3295905,-78.3991638,2
39.2486513,-87.3819634,2
42.9275277,-83.6299518,2
34.95376605,-92.42741415,2
42.7794417,-96.9292104,2
28.902479,-82.5926012,2
42.3330556,-77.0352778,2
44.631944,-86.0909242,2
49.0568,-122.285045,2
31.15043485,-81.3819407,2
29.0258191,-80.9269984,2
44.9434929,-63.536158,2
43.0434039,-74.8595957,2
45.3001178,-122.9731565,2
47.8195229,6.415574,2
39.4702393,-0.3768049,2
-4.540879,120.336865,2
46.8229182,5.586416,2
43.8570242,-70.1031057,2
35.3728659,-116.07819445,2
51.522751,-0.720209,3
43.6106237,-72.9726065,2
32.6279113,-96.4558196,2
40.83077925,-76.82830195,2
35.6961111,51.4230556,2
41.4759224,-75.1821189,2
51.05665,3.72,2
41.775902,-70.959198,2
35.7079146,-79.8136446,2
34.974532,-92.0165336,2
35.8778548,-84.1711345,2
44.8975,-85.985278,2
49.8724245,8.6508574,2
34.5114883,-83.5271166,2
29.1868961,-89.9367373,2
37.2410864,127.1775537,2
51.02543895,-1.34530315,2
38.345192,-86.94305325,2
42.944695,-91.131478,2
37.0321364,-93.25018465,2
38.706667,-122.903333,2
39.011902,-98.4842465,2
31.9973456,-102.0779146,2
31.4590576,-85.6404932,2
40.5886699,-83.1285242,2
41.6578767,-72.3659161,2
18.6427592,-68.3726813,2
42.939167,-72.853333,2
36.2946008,-76.2510461,2
34.033625,-117.0430865,2
34.7659145,-84.7699385,2
60.20535715,24.65498265,2
35.8809084,-84.5085447,2
44.8416633,1.7531226,2
27.98613055,-97.07971185,2
33.4956744,-88.4272627,2
38.4731815,-77.9966639,2
33.732052,-84.9191081,2
44.9666667,-78.25,2
43.4252215,-70.75839075,2
32.5007037,-94.7404891,2
42.4567013,-83.9463358,2
36.4619,25.375891,2
41.7000996,-71.6828443,2
41.2939386,-82.2173786,2
37.6774769,-113.0618931,2
36.1881365,-94.5404962,2
41.4375,-78.5427778,2
40.635884,-74.87480565,2
-8.104488,112.008455,2
31.3151708,-85.8552161,2
-6.7166667,108.5666667,2
43.2320427,-89.34362935,2
43.40455905,-95.12986915,2
-42.8946543,147.3262306,2
45.1473445,-122.5770322,2
38.088889,-76.362222,2
19.8986819,-155.6658568,2
28.228209,112.938814,2
42.5543473,-85.8486236,2
38.2206101,-90.3959543,2
45.8262624,-84.7278278,2
36.706981,-97.0855948,2
32.792,-115.5630514,2
34.1954331,-79.7625625,2
28.8921939,-99.095033,2
30.0803521,-81.5751476,2
39.8022653,-86.2672127,2
46.0041275,-95.682824,2
29.3013479,-94.7976958,2
34.5034394,-82.6501332,2
52.548272,0.804832,2
34.9889818,-90.0125913,2
-6.8234505,107.95101365,2
30.5996319,-98.4100274,2
45.1857782,-109.2468211,2
17.919033,-87.95746,2
40.75839,-82.5154471,2
36.876719,-89.5878579,2
42.9672269,-88.8221891,2
46.8796822,-110.3625658,2
35.4798757,-79.1802994,2
43.408741,-84.607407,2
42.4572739,-73.8030382,2
41.7244885,-81.245657,8
18.0320453,-63.08289495,2
44.2726203,-121.1739212,2
40.47222,-78.83361,2
23.709921,90.407143,2
46.8083268,-100.7837392,2
38.827759,-78.114281,2
27.0997775,-82.4542632,2
44.9802822,-85.2111728,2
30.2751945,-89.7811745,2
30.4015879,-86.8635709,2
36.14756315,-115.2703062,2
39.6048253,-76.8499774,7
38.8467082,-91.9479586,2
28.2336196,-82.1811947,2
-15.7801482,-47.9291698,2
35.132222,-82.934167,2
33.0932748,-115.094045,2
35.650711,-78.4563914,2
40.3295359,-76.5152443,2
50.0384619,19.9404727,2
30.8365815,-83.9787808,2
47.5859427,1.3300966,2
38.8054624,-123.0172227,2
43.2976116,5.3810421,2
37.0236759,-94.7355042,2
31.5785074,-84.155741,2
45.88386545,-89.7049348,2
35.140556,-85.232778,2
37.4716001,-121.129656,2
64.123184,-21.900451,2
42.0273147,-73.3292834,2
37.4785497,-119.6404311,2
34.4901665,-77.43163,2
44.9666323,-92.3743576,2
42.5875857,-72.5995339,2
43.551876,10.3080108,2
36.2695388,-95.8547119,2
44.0536805,-71.1284041,2
30.8601745,-100.6009299,2
-37.80585555,145.1523866,2
57.6969943,11.9865,2
3.253582,101.6697622,2
36.9484528,-81.084811,2
38.8858407,-94.5330096,2
53.28200815,5.99580765,2
42.422241,-88.6137101,2
35.9522852,-86.6694413,2
44.3875794,-68.2039016,2
35.712544,-96.459877,2
-0.8683276,119.88573585,2
46.5391751,-102.8682231,2
35.2334472,-82.7342919,2
43.001143,-84.5591521,2
39.8367207,-84.4113366,2
39.1501709,-123.2077831,2
33.3045698,-89.8567501,2
43.5407172,-116.5634624,2
35.149381,-78.99146,2
-13.525,-71.9722222,2
-6.9196,106.9272,2
28.790161,-82.130091,2
45.716508,-121.5039621,2
-19.8157306,-43.9542226,2
34.7732102,-80.3917315,2
30.0688512,-81.8603778,2
43.2472768,-79.0500466,2
42.6190977,-76.17965085,2
45.737465,-94.9525216,2
35.3237528,-80.6559017,2
43.8224472,-70.42825345,2
7.0020455,100.4573921,2
40.5143523,-84.5992624,2
34.8662005,-92.1101458,2
34.631046,-86.5364444,2
42.27754555,-71.96045345,2
38.7742826,-76.0763305,2
43.165548,-89.9129013,2
29.7386111,-98.6425,2
45.8917738,-123.9615274,2
20.593684,78.96288,2
43.7465124,-122.4617159,2
40.3456149,49.606736,2
13.18999905,-59.5904879,2
-7.3333333,108.2,2
46.8801654,-117.3643495,2
-26.3050883,-48.8460931,2
34.4858993,133.3623127,2
44.5244276,-99.7392837,2
31.0982344,-97.342782,2
41.6091667,-86.7175,2
43.285399,-80.450881,2
8.1191811,99.1013498,2
43.7508332,-111.5583742,2
39.2512962,-119.9729674,2
36.162839,-85.5016423,2
34.3988838,-119.5184564,2
36.7281154,-91.8523711,2
37.302778,-78.559444,2
35.8306334,-96.391118,2
34.5811305,-113.2046414,2
49.0038285,2.5161098,2
32.4284761,-90.1323087,2
39.9975414,-85.7466439,2
43.7034273,7.2662656,2
26.3017374,-98.1633432,2
39.675667,-75.9649448,2
34.0351726,-77.8935966,2
-8.558458,125.578151,2
52.406374,16.9251681,2
22.572646,88.363895,2
42.7120249,-73.2037177,2
46.414537,11.3061111,2
42.5941998,-85.6372413,2
42.4639722,-73.3964977,2
-3.4666667,114.75,2
46.5958056,-112.0270306,2
45.666345,-91.5559979,2
45.00194295,-85.73744635,2
38.2199267,-77.18790525,2
41.2053599,-76.004923,2
33.293945,-111.0962305,2
-33.7762275,150.9323148,3
43.8338831,-87.8200887,2
39.1979401,-120.11382835,2
-23.891581,29.4496,2
33.3408333,-118.3277778,2
41.7710164,-74.96799885,2
41.4047222,-99.6413889,2
35.1795543,129.0756416,2
33.85501665,-116.3713992,2
46.6891307,-122.95915735,2
35.8240265,-80.2533838,2
48.526611,-122.903801,2
40.0278116,-88.5733979,2
43.9005752,-85.2580971,2
43.3959056,-72.7006518,2
30.1668828,-96.3977442,2
-23.4634523,-46.5334502,2
46.22541255,-119.11889975,2
39.0098946,-121.4230133,2
28.6352778,-106.0888889,2
38.370457,-78.732315,2
52.2025441,0.1312368,2
39.7136754,-82.5993294,2
35.5668467,-75.4684908,2
35.8275672,-86.0716565,2
9.748917,-83.753428,2
38.197743,-77.588167,2
48.1796277,-117.0432583,2
41.4734268,-74.5384933,2
32.2686981,-107.7586404,2
36.5859718,-79.3950228,2
30.2806455,-90.9391369,2
32.2371465,-80.8603868,2
39.1007298,-120.9532759,2
41.92953065,-75.3057292,2
33.20763,-92.6662674,2
38.48018835,-75.21098635,2
41.3275352,-89.1998076,2
46.7312745,-117.1796158,2
32.7092955,-96.0083018,1
54.6424345,-5.8299954,1
43.3465675,-114.7917279,1
39.6270376,-78.2272299,1
50.25,28.6666667,1
43.959312,-78.167776,1
38.8817784,-78.5058429,1
4.940879,114.948601,1
38.0908796,-88.1586488,1
50.444836,-5.041299,1
47.7510741,-120.7401386,1
43.6575747,-71.500352,1
34.8172987,-97.4058604,1
38.7875094,-94.2693911,1
39.3826031,-77.2694278,1
47.258711,7.576358,1
41.2611099,-96.1319649,1
53.2036102,5.8007953,1
34.2362054,-96.6786131,1
32.9751204,-96.3324817,1
45.8344451,-103.3765724,1
39.6581163,-83.7349236,1
61.253056,-149.793884,1
41.7589954,-70.4939163,1
45.4194099,-94.0488721,1
39.5505376,-107.3247762,1
41.2381,-85.8530469,1
33.041683,35.356697,1
51.287806,-114.009612,1
40.9649681,-5.6630253,1
37.667206,-121.324036,1
38.087608,-81.445458,1
36.873333,-86.353056,1
37.7139041,-97.1364294,1
47.561485,-52.712675,1
34.6722773,-80.7200838,1
40.9133943,-77.7783348,1
36.708006,-119.5559652,1
43.4463668,-96.8358847,1
40.7761465,-87.7364218,1
23.042246,113.139803,1
44.7691667,-94.1516667,1
42.2328518,-76.3424357,1
42.9384101,-73.6531731,1
41.0333889,-82.0120908,1
18.2055556,-65.8436111,1
39.4300996,-77.8041609,1
44.5202794,-85.9439718,1
32.3332128,-93.8362925,1
45.70306,-97.78556,1
12.86936,74.84256,1
-17.930178,-43.7908453,1
53.5381706,-6.6632926,1
59.273755,15.2075395,1
40.5564586,-78.0977847,1
41.7048247,-81.7787021,1
38.4966573,-92.3437262,1
35.6072668,140.1062907,1
42.6903566,-73.5645597,1
40.4681409,-76.9319198,1
44.75,-78.1,1
49.146113,-121.941095,1
44.9833333,-79.8166667,1
42.9292419,-74.0520717,1
48.2412107,-122.3707103,1
46.2652367,-96.6059072,1
44.3878547,-68.7997522,1
38.3325812,-82.9485023,1
41.9867114,-83.8310513,1
35.7965205,-81.4306457,1
38.6155668,-95.2677515,1
39.92077,32.85411,1
53.6470162,-1.7891903,1
44.5069113,-92.905484,1
21.28,-89.67,1
41.1238873,-100.7654232,1
60.4877778,-151.0583332,1
34.9704419,-78.9453056,1
-1.2833333,36.8166667,1
42.933692,-72.2781409,1
44.8994088,-97.1150732,1
30.869167,-91.133889,1
35.613918,-87.843148,1
34.1209292,-93.0537839,1
35.2468204,-91.7336846,1
38.1839705,-83.4326841,1
34.3687021,-84.9341093,1
-29.9069352,-71.2470754,1
45.7452466,-87.0645801,1
35.7766076,140.3187806,1
48.259395,11.434309,1
44.500811,-80.21696,1
39.9613759,-105.5108312,1
64.0377778,-145.7322222,1
10.256591,-67.956657,1
51.0227509,-0.941996,1
18.43,-68.97,1
-37.667861,145.0622519,1
40.0581205,-82.4012642,1
41.8325486,-83.8624411,1
35.680573,-109.0525929,1
40.326422,-3.7589882,1
41.2626228,-69.9661245,1
43.9925666,-72.1289793,1
27.9003006,-82.603431,1
35.878937,-97.4253185,1
40.1083912,-83.7524298,1
38.4784144,-82.6379387,1
34.806166,-106.7333599,1
35.5225567,-97.6189304,1
42.0612633,-6.0474146,1
22.543099,114.057868,1
51.6204415,-3.9466286,1
42.224867,-121.7816704,1
18.7964642,98.6600586,1
44.5536746,-70.550899,1
40.7353371,-80.9564776,1
44.3969967,-74.1584884,1
39.765869,64.422348,1
44.0777409,-93.5074426,1
43.2708225,-89.722067,1
51.5877406,-2.9983431,1
-22.8577372,-47.220259,1
39.233665,-84.999268,1
40.9977765,-96.1622352,1
43.7813661,-89.5726232,1
34.015049,-6.83272,1
41.3455892,-88.8425769,1
43.8041334,-120.5542012,1
-9.6662515,-35.7350983,1
43.5452608,-5.6619264,1
50.909373,4.2005478,1
40.96342,-76.6127329,1
56.1608158,15.5867142,1
4.0169386,98.2848664,1
33.5588035,133.5311675,1
30.1827159,-96.936371,1
33.1634493,-96.3599821,1
32.851211,-106.10621,1
45.06,-83.74667,1
35.2494566,-112.1910031,1
42.8091969,-82.7557554,1
33.4503998,-88.8183872,1
29.6993748,-91.20677,1
38.788405,-76.222227,1
46.8791756,-102.7896242,1
53.7608608,-98.8138763,1
52.987076,-113.197554,1
39.7956007,-85.5263629,1
32.7038689,-80.0311364,1
32.3187158,-102.5457155,1
0.5420003,123.0270038,1
45.1777778,-93.8722222,1
30.1896756,-82.6392899,1
46.184589,-62.533628,1
32.3415342,-90.3217585,1
44.6,-79.4166667,1
43.1833333,-79.2333333,1
38.9265035,-119.6499162,1
29.8849441,-97.6699996,1
52.9792384,-6.0422517,1
29.7438332,-98.4530729,1
36.7277769,-110.2545767,1
53.39263,-2.5869888,1
40.2680555,-96.7469704,1
27.5311474,-82.7334334,1
36.8588376,-120.4560072,1
35.3256469,-94.3016006,1
33.93911,67.709953,1
42.551389,-88.575,1
35.0823184,-94.2632668,1
30.658601,104.064856,1
42.6159285,-70.6619888,1
38.5725523,-90.882081,1
51.5188505,6.3268103,1
42.4433716,-85.0180464,1
30.210556,-97.654444,1
23.35,85.33,1
31.3787916,-95.3213317,1
32.4420826,-97.7941967,1
37.3662293,-81.1025918,1
4.15,-73.6333333,1
37.6597363,-97.5753256,1
45.3531842,-119.5577997,1
39.4383387,-94.2041096,1
31.5376731,-84.5993601,1
38.891565,-121.2930079,1
54.9702159,-2.0979187,1
-31.2532183,146.921099,1
-34.134171,18.4238,1
43.64,-79.9319444,1
39.8864493,-83.4482529,1
41.168321,-71.560322,1
44.5403436,-69.7219916,1
30.7818584,-85.538541,1
1.6406296,116.419389,1
31.3382406,-94.729097,1
33.9165623,-78.161106,1
39.121079,117.214389,1
4.421276,100.990696,1
-32.8970039,151.7005582,1
37.1685907,-113.6794057,1
20.0181211,100.4874165,1
38.6183445,-94.5052305,1
18.335765,-64.896335,1
45.6013889,-107.4597222,1
40.0562519,4.1316308,1
48.141,16.4771,1
35.2596833,-118.9142666,1
36.1349928,-111.2398625,1
18.3368114,-64.7280952,1
24.9375874,121.2168466,1
30.9471278,-97.5386204,1
43.2386666,-78.9097634,1
43.9826214,-124.0998409,1
36.4275699,-84.9318919,1
32.482361,-96.9944489,2
36.8055312,-114.0671903,1
33.5873164,-102.37796,1
43.0281329,-73.3812231,1
51.8898042,0.9012348,1
38.7394918,-89.6712008,1
42.1956438,-74.1337508,1
42.7194778,-82.492132,1
-8.581824,116.106832,1
37.933179,-75.3788086,1
32.9786566,-115.530267,1
38.7430645,-94.8255166,2
38.4589432,-90.5365126,3
45.3128778,9.4978501,1
36.28,-75.893056,1
44.0781246,-71.2828507,1
32.4073589,-87.0211007,1
38.1604766,-122.8941619,1
31.4440557,-97.4091792,1
51.4351458,6.7626911,1
32.9531564,-80.8425495,1
44.31,-96.79,1
37.1289771,-84.0832646,1
12.9910932,77.4938021,1
39.6237094,-77.4108201,1
-22.558904,17.082481,1
10.0869889,-84.4700083,1
31.4351645,-97.743911,1
-8.129379,115.091301,1
43.4577692,-88.837329,1
29.9891052,-97.8772267,1
63.9126321,-22.1916474,1
-0.881142,131.249603,1
39.5492792,-76.091617,1
38.4275499,-89.913714,1
40.871229,-97.595572,1
36.4345934,-77.9119317,1
13.5686111,100.5616667,1
35.6667233,-97.3267025,1
30.175833,-84.375278,1
35.8243208,-78.3147199,1
43.6738995,12.9697052,1
43.1836046,-89.2137254,1
34.787891,-82.6923591,1
40.7750065,-99.7406712,1
19.2887079,-81.3426916,1
36.6103334,-88.314761,1
33.8943393,-78.426672,1
31.305774,-97.248499,1
40.5971513,-6.5227749,1
35.1464797,-90.1845388,1
42.5459227,-71.9106308,1
42.1250929,-72.749538,1
40.3059999,-121.0057931,1
46.231018,15.2602936,1
42.8352835,-89.0676125,1
51.5741517,0.1838708,2
36.5245972,-76.1782677,1
44.2270075,-71.7478646,1
40.0483744,-86.4691677,1
39.8925466,-85.0416304,1
29.357104,113.128959,1
41.9572676,-83.6596596,1
41.525291,-74.854698,1
45.655651,25.6108,1
21.9811111,-159.3711111,1
45.0275,-74.74,1
39.5695059,2.649966,1
35.53639,-82.69306,1
42.947011,-76.4291017,1
36.0190178,129.3434808,1
-34.8833333,-56.1666667,1
48.0501967,11.3162663,1
30.8412954,-97.7936268,1
22.9948212,120.1964522,1
54.5972686,-5.9301088,1
48.1536621,17.8768323,1
32.8339546,-109.70758,1
49.098755,-122.654594,1
36.1003358,-86.1319341,1
42.1180915,-8.8495794,1
34.7575227,-112.4537809,1
42.85,-80.2666667,1
35.0077519,-97.092877,1
46.9833333,6.9333333,1
9.9778439,-84.8294211,1
29.3708857,-100.8958674,1
39.249868,-84.793025,1
32.977839,-111.517624,1
35.2031373,-85.9210899,1
43.331691,-83.7380194,1
23.2266877,-106.4076183,1
35.0875,-106.3772222,1
47.950355,-124.3854867,1
38.5805544,-0.1032094,1
30.9913064,-83.3726575,1
43.0208924,-78.4953015,3
49.9137288,14.2344076,1
38.4851245,-78.625016,1
31.4229124,-103.4932293,1
45.8922222,-106.6288889,1
44.8374532,-108.3895614,1
34.8641446,-118.1634075,1
56.0012512,92.8855896,1
47.8033743,-3.2787515,1
33.9320556,-83.7137827,1
33.7440023,-90.7248187,1
39.9167511,-78.3839036,1
41.51084,-0.6375385,1
-29.9476854,-51.0954003,1
49.9658372,11.5339306,1
40.448208,-122.2977815,1
38.5249065,-121.9708017,1
39.2508229,-106.2925238,1
42.6183424,-89.3762278,1
36.204824,138.252924,1
48.8499198,2.6370411,1
43.7570166,-71.6881337,1
45.5945645,-121.1786823,1
37.5739497,-85.7399606,1
39.0962648,-96.8011298,1
37.276539,-76.504631,1
15.0257452,102.8382687,1
31.9678611,-110.2945174,1
30.4065868,-87.6835974,1
37.8609747,-78.2633373,1
-8.11237,-79.030022,1
33.9939861,-96.370824,1
41.228382,-85.1724726,1
45.5505834,9.339651,1
41.424473,-91.0432051,1
40.62701,-79.6056012,1
24.3788233,120.6487508,1
25.354826,51.183884,1
40.1784886,-122.2358302,1
34.7803619,-84.3907565,1
1.259619,101.213097,1
35.5642474,-89.6464672,1
39.8097343,-98.5556199,1
48.9390509,-119.4356211,1
18.0866265,-67.1457347,1
39.3039397,-85.7713722,1
41.0606423,-75.5910219,1
19.1400064,-96.1155932,1
51.9266666,6.5806785,1
38.732745,-93.55464,1
34.8884971,-79.0722541,1
38.8922687,-89.4131356,1
39.350833,-101.7101722,1
42.8706392,-71.9517459,1
-1.4851831,102.4380581,1
38.2009055,-84.8732835,1
40.797821,-85.8205411,1
-6.662053,106.936071,1
12.9766667,100.9133333,1
32.6551798,-79.9403673,1
35.5225125,-109.857338,1
39.7156186,-82.9529584,1
42.1261367,-89.5792801,1
34.6976564,-79.8833971,1
44.1317376,-70.493114,1
43.1947211,-88.7289918,1
6.119359,100.36769,1
34.6123322,-82.5402275,1
34.1458435,-116.9825321,1
45.065,-87.124167,1
33.0015407,-82.4112377,1
37.356937,-79.8540141,1
37.4792672,-82.5187629,1
43.7411249,-79.589226,1
40.2942039,-87.2488988,1
41.2666667,69.2166667,1
29.079164,119.647421,1
40.8083909,-82.9754649,1
51.9851034,5.8987296,1
52.2583199,-1.1604329,1
41.530461,-93.955683,2
43.6629384,-116.6873596,1
42.9000596,-78.4919671,1
36.4657213,-6.1966259,1
19.7102204,-155.9036295,1
44.8378942,11.6204396,1
45.7542809,-122.8776039,1
45.0616794,-83.4327528,1
35.0136831,-97.3611394,1
35.5322741,-97.9550493,1
38.3757179,-77.7810527,1
30.7918613,-83.7898868,1
22.0964396,-159.5261238,1
29.0405241,-98.5680739,1
47.199569,8.487232,1
42.5530753,-87.9334118,1
51.764377,5.51462,1
40.1683333,-97.5866667,1
36.7133235,-112.2162896,1
47.070714,15.439504,1
44.3883803,-73.8154203,1
47.991349,-1.757381,1
50.712,4.4,1
58.6393738,14.2720203,1
35.2673857,-78.0374891,1
25.037721,102.722202,1
39.8525033,-95.5358156,1
37.237162,-115.8099747,1
43.0906318,-73.4987251,1
35.6923614,-80.43478,1
40.2522073,-105.8230671,1
39.649077,-119.7074096,1
29.35,47.95,1
41.2938889,-92.6444444,1
39.2286021,-104.887203,1
30.6696818,-81.4625919,1
32.2871413,-81.0806665,1
35.1614699,-87.3480734,1
40.756157,-86.399406,1
39.1457253,-121.5913547,1
9.022736,38.746799,1
12.3731046,99.9328854,1
18.2013889,-67.1427778,1
41.6850604,-79.4031034,1
38.3358857,-90.1498341,1
21.5434857,39.1729892,1
34.3181497,-86.4958219,1
34.3164826,-84.5521524,1
38.8186957,-81.7106851,1
39.790371,-77.7277714,1
7.89,98.385,1
38.7358933,-85.3799577,1
45.5705109,9.0288777,1
34.4726276,-81.8806562,1
21.018111,-101.25832,1
38.1374202,-120.4596437,1
29.8269064,-82.5967832,1
55.728449,9.112366,1
43.1907173,140.9946621,1
46.049011,-74.279907,1
30.1902067,-98.0866781,1
37.26945,-107.0097617,1
43.0692299,-77.2988746,1
30.3584919,-103.6610115,1
29.4238472,-95.2441009,1
32.559149,-115.302247,1
13.69,-89.1900028,1
44.25436,-71.44787,1
54.891456,10.404684,1
71.2905556,-156.7886111,1
35.2784173,-93.1337856,1
39.5147682,-86.7938968,1
-41.2091655,174.9080557,1
23.129163,113.264435,1
37.970371,-78.218239,1
51.5072638,-3.5810425,1
41.9257275,-72.9814877,1
36.1,-95.89,1
-7.1617805,112.6514245,1
41.536975,-88.5834068,1
28.7161111,-81.7744444,1
49.815273,6.129583,1
39.2089986,-76.0666126,1
30.742689,-87.7933252,1
-19.9875936,-43.8463113,1
2.310033,111.8400412,1
26.1118401,-97.1681257,1
43.3228462,-76.4171585,1
30.1588129,-85.6602058,1
2.1153547,99.5450974,1
34.0583995,-106.8914159,1
32.6175626,-116.189739,1
27.4125417,-82.6589881,1
55.796538,49.1082,1
50.6761111,-120.3408333,1
-7.6145292,110.7122465,1
48.3887142,-122.4962752,1
-7.963729,110.612034,1
26.820553,30.802498,1
40.0506453,-77.5202647,1
44.309479,-94.467789,1
40.124481,-87.6300207,1
36.8401638,-2.4679217,1
50.96912,5.822895,1
46.4165506,-117.0176569,1
46.7791011,-90.7865723,1
42.2966861,-89.6212271,1
27.9638689,-111.0436021,1
41.4923325,2.0312617,1
43.9659629,10.1734444,1
40.7664259,-89.4678689,1
57.1474915,-2.095397,1
42.2073905,-85.023346,1
17.1717754,-96.8107295,1
61.1308333,-146.3483333,1
53.164996,-114.2512145,1
39.744544,-77.0880385,1
41.2844933,-84.3557802,1
29.0491426,-82.4609331,1
43.297521,-0.3743618,1
36.3100688,-96.4641886,1
40.1214579,-82.0106918,1
37.0478982,-80.7797935,1
42.0409247,-74.1181971,1
49.465691,-2.585278,1
41.7614181,-88.443686,1
43.2012642,-96.3034159,1
32.4059605,-99.4936912,1
2.819684,101.7336841,2
43.5786366,-85.4492081,1
40.4311796,-79.260869,1
42.0597047,-93.8802273,1
45.811988,9.0855639,1
46.1491009,-95.973193,1
49.318732,-124.315028,1
37.4449168,127.1388684,1
40.9261773,-77.5172157,1
43.4422993,-71.5889641,1
32.795,-84.809722,1
36.665282,116.994917,1
50.7194116,-1.9811296,1
39.4032192,-122.009975,1
45.8948527,8.6604912,1
43.539102,-80.247622,1
55.0333333,82.9166667,1
33.1742847,-87.2336092,1
34.5228881,-82.4942948,1
45.140245,-89.1523353,1
43.0009086,-73.8490111,1
36.114526,-113.240014,1
35.0470617,-82.0901088,1
40.2809335,140.2612578,1
30.4693772,-83.4129254,1
41.7952746,-70.3683425,1
30.0474332,-99.1403189,1
38.5767017,-92.1735164,1
48.1537545,17.0579368,1
43.608176,3.8794455,1
41.4514404,-83.3657601,1
42.31667,-72.12639,1
46.6864887,-123.7329385,1
42.3608691,-85.8794635,1
49.599937,11.0063,1
44.404232,-70.7906249,1
35.2380657,-111.8334974,1
34.9022482,-110.1581768,1
44.00862,-77.139223,1
37.8017879,-80.4456303,1
41.6885978,-71.5642076,1
42.5629668,-114.4608711,1
35.9670412,-83.1876578,1
29.3987381,-95.8428018,1
42.5985957,-91.6421006,1
42.2305588,-97.0178236,1
-34.8085823,-58.2437363,1
41.8550479,-84.3538359,1
40.3267407,-78.9219698,1
36.3084275,-95.3169136,1
52.8965922,-3.0366901,1
39.1225624,-84.1357677,1
36.7196459,-4.4200186,1
43.9924889,-102.2415477,1
45.5694444,-93.2222222,1
51.482901,7.21181,1
47.026859,28.841551,1
38.0460901,-79.7905863,1
-4.2797626,39.5946958,1
-35.3080556,149.1244444,1
41.3431688,-70.7447501,1
24.806299,93.948197,1
42.9106219,-76.7966215,1
44.3244086,-68.3176033,1
38.7026294,-81.952367,1
49.4018997,8.680285,1
-27.5969039,-48.5494544,1
47.0034291,-123.4087692,1
39.5062108,-77.6524907,1
42.990623,-80.270027,1
46.59552,7.90735,1
33.0366667,-85.0319444,1
38.5976262,-80.4549026,1
55.566682,12.249315,1
34.1170537,-83.5723876,1
36.0070171,-89.6575787,1
41.8389213,-89.4795478,1
34.8514782,-86.5722154,1
20.7552778,-86.9744444,1
47.9013866,1.9039759,1
41.8975471,-84.0371659,1
45.53784,-73.207117,1
41.5036111,-94.3205556,1
47.5587,7.5866,1
46.393164,-63.790266,1
39.8628101,-88.1622654,1
44.3358836,-75.9177309,1
43.89278,-71.67639,1
43.304526,-70.9756186,1
47.5382565,-116.1193327,1
40.2683344,-94.0282861,1
50.8514534,-1.1790155,1
50.7218,-3.533617,1
62.0,24.0,1
40.271482,22.508662,1
35.3272928,-96.9253004,1
42.1861494,-86.308356,1
42.02964,-97.41687,1
45.302477,-71.872844,1
35.4411945,-89.7781379,1
43.7695099,-74.816839,1
32.1136897,-109.9217343,1
29.0427592,-81.9292505,1
43.1775256,-83.7341274,1
31.2762892,-96.7413707,1
50.1102813,4.9554347,1
44.4070624,8.9339889,1
42.8794563,-88.474265,1
40.4233142,-104.7091322,1
36.4037364,-81.4928829,1
38.4614404,-90.0917755,1
-12.9703817,-38.512382,1
39.9831616,-75.8238355,1
43.8486707,-73.4234531,1
36.3487196,-82.2106876,1
42.8102794,-89.8620682,1
28.8269885,48.0010282,1
36.1223683,-78.6861145,1
42.9545179,-74.3765241,1
52.326182,1.679138,1
-1.4550205,-48.5023682,1
34.8028661,-86.9716741,1
32.4442,34.9208,1
56.9465363,24.1048503,1
47.639722,-122.827222,1
44.94,26.03,1
39.0417785,-76.0663334,1
32.3182314,-86.902298,1
37.3307042,-77.3227571,1
35.9773805,139.5932055,1
32.4709519,-100.4059384,1
-23.5247535,-46.1871339,1
11.939481,79.497647,1
-7.072549,107.794126,1
39.190047,-90.353727,1
36.5964948,-82.1884666,1
21.59,-158.1138889,1
-20.45,-49.866667,1
35.0134999,-78.6939063,1
32.5911834,-93.2633918,1
39.039722,-120.115833,1
52.1191648,-115.6605258,1
32.9748469,-97.3477957,1
27.702871,85.318244,1
44.099992,-77.577412,1
45.411675,-80.085481,1
37.7781702,-81.1881557,1
43.3380464,-89.0153875,1
40.2842164,-84.1554987,1
52.132633,5.291266,1
34.4434282,-86.9352842,1
43.3186614,11.3305135,1
50.0655446,-119.6185295,1
42.2639098,-88.8442674,1
37.0811288,-8.1094469,1
44.9166667,-79.3666667,1
14.9360838,-88.864698,1
33.1384488,-96.1108066,1
42.9317335,-76.5660529,1
36.5896322,-80.9650023,1
38.083403,-122.7633036,1
42.4390069,-123.3283925,1
40.6283696,-87.6961395,1
25.5438707,-103.4280091,1
41.6542158,-82.8207429,1
36.0525993,-95.7908195,1
43.5250265,-84.1227598,1
41.9475551,-80.5542409,1
25.0115186,-80.5150608,1
-7.756928,113.211502,1
35.7065217,-81.2186933,1
43.6274794,-89.7709579,1
34.9617604,-89.8295315,1
42.8294187,-102.9999069,1
54.306145,-130.310882,1
40.8120946,-122.3241746,1
42.3383697,-83.8885552,1
3.5986111,98.4802778,1
50.9280143,-0.4617075,1
37.3021632,-120.4829677,1
35.1697592,-107.890892,1
43.0759678,-107.2902839,1
42.4605904,-85.696406,1
38.6973454,-9.3083617,1
33.9971732,-98.5065419,1
44.1740739,-69.93356,1
37.6017278,-85.9055189,1
18.36667,-65.62639,1
61.6247222,-149.6011111,1
-11.0619444,-75.335,1
21.0024379,105.8308645,1
-26.2188889,28.2533333,1
52.038601,-0.757072,1
28.810823,-81.8778582,1
35.7328541,-84.3338112,1
34.989235,-81.249925,1
56.1544863,-3.9459129,1
43.5391527,-89.0067778,1
30.9037995,-84.5754699,1
48.993723,-122.7471191,1
40.1483768,-89.3648183,1
37.684167,-77.885556,1
40.3083672,-88.1558785,1
-21.1766574,-47.8207619,1
41.9583822,-85.3249817,1
42.2598146,-72.2398021,1
26.0395222,-97.5563763,1
-20.3221861,-40.3380886,1
39.7478508,-81.5165127,1
47.497499,-101.3712709,1
21.548088,-157.84816,1
34.5037004,-93.0551795,1
40.7050579,-82.4182204,1
37.746801,23.426768,1
32.8118856,34.983731,1
43.604363,1.4429513,1
40.8532704,29.8815203,1
37.3403384,-95.2610838,1
40.1953106,-88.4042234,1
58.9700526,5.733338,1
44.304647,-79.582915,1
43.223953,-77.186092,1
40.4344895,-84.9777455,1
18.8404817,100.7436084,1
43.3143215,-72.81221,1
31.9635074,-83.7823938,1
44.6447233,-85.7673003,1
35.7454071,-81.6848188,1
30.7621326,-86.5705084,1
41.093429,-75.0018401,1
32.8387371,-86.6294262,1
35.3848841,-77.9927651,1
39.1637984,-119.7674034,1
41.2147851,-79.3853218,1
43.7757967,-92.3387786,1
42.802808,-83.0129874,1
49.672886,-124.928333,1
8.8556838,7.179026,1
33.937045,-97.1166788,1
31.2135511,-82.3540178,1
32.7359626,-96.2752569,1
-3.780567,115.437698,1
36.722263,-86.5772177,1
31.7891667,34.7591667,1
45.3069062,-92.3621369,1
26.2768607,50.1472321,1
37.4946568,-120.8465941,1
41.1115888,-114.96449,1
46.0084472,-122.8445509,1
40.7392017,-89.0164626,1
45.1244108,-92.6735365,1
33.8026048,-85.1885607,1
52.4035335,13.1744009,1
33.4706927,-82.5045733,1
30.2043633,-91.0226013,1
42.688074,-88.0514731,1
43.0256259,-74.9859889,1
40.5307776,-112.29828,1
42.2331294,-77.1974748,1
45.8404101,-119.2894605,1
41.06064,-75.774082,1
31.179908,-83.7890631,1
38.2507515,-122.9652768,1
40.2431278,-79.2375325,1
30.6138101,-97.2055482,1
63.9964394,-22.6244545,1
30.6168569,-89.6525647,1
41.1956174,-77.976111,1
13.437973,-88.460995,1
34.3651685,-77.6305293,1
41.9661111,-92.575,1
41.7851093,-69.9702947,1
37.3281005,-87.4988882,1
46.9500103,-67.8833992,1
36.4275477,-86.8047199,1
48.1987118,-122.1251418,1
38.0492131,-87.2741723,1
39.727049,-76.3266255,1
40.3369272,-104.9121967,1
30.0971621,-95.6160549,1
37.3702934,-102.8596463,1
40.051486,-76.4744091,1
36.3353449,-92.3851593,1
45.9577506,-86.2462523,1
-3.2384616,130.1452734,1
35.473745,-81.2545251,1
34.399463,-110.526884,1
34.502587,-84.9510542,1
41.8788799,-92.7893617,1
39.2939393,-9.1631877,1
45.3245771,-118.0877188,1
40.8611755,-79.8953328,1
40.1731433,-77.3985963,1
46.5435442,-87.395417,1
32.2048735,-95.8555207,1
42.435954,-123.1719976,1
35.3584743,-79.8944901,1
41.8050539,-80.9481489,1
41.7486838,-77.3005304,1
26.7542312,-80.9336753,1
13.060422,80.249583,1
35.715,-81.93111,1
27.7639145,-98.2388953,1
54.9778404,-1.6129165,1
43.4595138,-76.2288176,1
-26.9539145,152.7776056,1
48.8787167,-121.9718657,1
44.308964,-78.319858,1
26.6975349,-80.7463852,1
38.344221,-90.3934532,1
36.808483,-76.7441246,1
51.4934557,0.3529197,1
51.5231935,-1.7915082,1
33.9261671,-94.8512118,1
43.7864342,-69.9598343,1
2.718592,101.9489879,1
41.7939302,-86.7439154,1
44.8872124,-87.8645473,1
41.5008234,-93.4910468,1
43.0467301,-77.0952516,1
36.0140338,-85.1686743,1
9.560153,100.0403937,1
44.363132,-73.226031,1
43.2128473,-75.4557303,1
43.81,17.8053,1
45.8774469,-92.3674164,1
30.0291195,-84.3986166,1
-17.8226762,31.0494966,1
43.7913679,-89.3198414,1
50.9953025,-0.2028417,1
33.640058,-112.004226,1
51.834326,4.969423,1
40.39698,-88.8706291,1
48.1191353,-96.1811473,1
36.9613356,-120.0607176,1
46.070883,-72.811909,1
36.7659709,-78.9283441,1
37.6805967,-92.6637865,1
32.8715278,-93.9874032,1
52.7519612,0.3953571,1
39.733936,-90.2290098,1
34.9676167,-82.4434548,1
1.0456264,104.0304535,1
44.9479697,-62.1194571,1
30.5335302,-92.081509,1
28.4008319,-97.7483312,1
50.9928418,5.9969493,1
43.8840067,-121.4386404,1
36.0355747,140.073866,1
33.0314508,-111.3873431,1
47.995,-117.556667,1
-18.141931,178.42424,1
64.963051,-19.020835,1
43.1904709,-112.3449773,1
37.53326,-77.127632,1
49.9951227,8.2674264,1
44.6614039,-84.7147512,1
33.759271,-96.6694402,1
54.7133822,-6.2167609,1
45.9696725,-89.8920991,1
22.1564699,-100.9855409,1
38.801953,-94.4527294,1
27.495592,-81.440907,1
40.1350375,-86.2205487,1
30.2460361,-87.7008193,1
30.5182727,-82.94819,1
52.1433505,-10.2686507,1
36.2148409,-93.9225335,1
47.0209759,8.653645,1
44.5588028,-72.5778415,1
37.0807823,-119.4854113,1
34.878761,-76.349861,1
33.3106696,-85.7544051,1
32.5232053,-92.637927,1
45.0555552,-85.5889721,1
40.1634279,-76.3949614,1
37.0755463,25.5207358,1
44.0456225,-71.6700809,1
42.158427,-72.3286928,1
43.1608578,-85.7100393,1
41.8719868,-86.6289123,1
41.4108855,-83.46104,1
52.2567868,-7.1292044,1
42.386444,-72.3333206,1
52.6562575,-2.0820859,1
51.7506355,4.0920971,1
53.6915461,-1.632841,1
41.7180421,-94.9324868,1
39.6562064,-77.9316649,1
32.884143,-85.816998,1
47.7843,9.609931,1
7.9843109,98.3307468,1
35.91537,-94.969956,1
42.46472,-77.10861,1
43.0663612,-92.6724112,1
38.677269,-87.5286325,1
33.9175154,-116.7872399,1
44.9480187,-91.1507031,1
31.3466667,-92.1577778,1
60.7166667,-135.05,1
44.0886059,-87.657584,1
-33.7149546,150.3114074,1
2.039272,102.5690918,1
42.5636478,-84.8358211,1
35.6438587,-121.1907533,1
42.4166744,-90.4290168,1
39.1753256,-89.6542579,1
34.2273712,-80.6892486,1
35.2248034,-88.2492037,1
32.5093109,-92.1193012,1
36.5707838,-119.6120765,1
13.3619444,100.9791667,1
36.1275673,-88.9858988,1
13.7887156,100.3562183,1
1.1426122,101.2797936,1
35.1112478,-81.2264646,1
36.2506364,-83.7974099,1
32.7169988,-116.8761347,1
37.244039,-77.4102607,1
-25.274398,133.775136,1
29.9479833,-85.4179766,1
36.0754183,-79.0997347,1
39.523652,-87.1250154,1
41.174224,-80.453402,4
41.7075394,-86.8950297,1
37.9444882,-87.4052865,1
36.3183879,-87.6947414,1
35.2923513,-81.5356463,1
47.1301417,-119.2780771,1
39.9361699,-84.0254913,1
34.781944,-83.416389,1
49.731705,-114.887624,1
39.9009334,-76.6058001,1
44.9838558,-92.5560301,1
10.32104,-84.428726,1
37.7702663,-111.602119,1
18.4666667,-77.9166667,1
32.4315813,-80.6698286,1
36.213673,-79.712524,1
-6.9988273,107.5536555,1
-3.7183943,-38.5433948,1
56.8426093,53.2244492,1
29.5780056,-98.6897451,1
9.3166667,123.3,1
36.5223207,-82.7134921,1
22.198745,113.543873,1
37.7965107,-80.2975704,1
42.097248,-88.6928688,1
54.5259614,-105.2551187,1
38.0251394,-78.0041649,1
42.985585,-83.9282955,1
46.0667123,11.1190591,1
38.5403996,-76.5844017,1
35.1666667,33.3666667,1
35.7972998,-84.2560299,1
33.3490011,-96.5485991,1
44.3927582,-88.7398256,1
30.5704721,-85.1271442,1
39.109724,-95.0877465,1
60.3288192,33.9948023,1
48.1349659,17.4077429,1
34.096496,-83.7612839,1
34.2542084,-110.0298327,1
32.7386713,-115.99418,1
34.7180556,33.0855556,1
40.743127,17.425233,1
52.8051429,-2.1163466,1
-1.3965845,35.5234337,1
1.530976,110.3442199,1
-23.8955601,-46.4256329,1
37.8347342,-97.3733759,1
38.5018575,-122.9961102,1
38.4345321,-82.1323637,1
39.9850718,-81.7915186,1
36.6776507,-76.9224608,1
41.475546,-93.6788304,1
45.048631,-64.676373,1
30.6301452,-84.2278796,1
52.3969627,13.0586008,1
53.4084881,-2.1492931,1
38.7289006,-82.5402275,1
54.441581,18.5600956,1
53.1487082,-1.5711235,1
41.2745291,-75.4537959,1
27.8953038,-81.9734172,1
38.8422178,-106.1311288,1
40.2364486,-83.3671432,1
-23.29273,-51.1732073,1
49.2726833,-122.5132368,1
33.0656732,-96.2277554,1
45.4348252,-123.9459611,1
32.3293111,-96.6252679,1
49.2348506,6.9944016,1
49.794256,9.927489,1
31.0465776,-93.2054396,1
37.6853413,-85.2221819,1
-8.249527,114.490121,1
31.566145,120.303027,1
37.8806341,-84.5729961,1
-23.5113015,-46.8767748,1
44.005012,-77.887988,1
41.0245024,-81.0500944,1
45.738895,-79.469487,1
54.2706069,-8.4715279,1
32.3363045,-81.3914992,1
34.829838,-82.6015206,1
43.0699663,-94.233019,1
30.43611,-90.25167,1
-25.2520888,-52.0215415,1
35.7177841,139.56626,1
51.7592485,19.4559833,1
42.5311294,-88.2481461,1
44.540121,-123.3676014,1
34.4362013,-84.6999346,1
35.254292,-81.6670407,1
43.94236,12.457777,1
39.3702773,-94.7824609,1
46.4952996,-84.3453169,1
18.971187,-72.285215,1
-33.9522629,151.0321372,1
38.32981,26.314921,1
52.371353,5.222124,1
38.8845582,-75.8271563,1
41.9842123,-86.1086228,1
45.253783,-69.4454689,1
33.6825587,-115.4733554,1
44.7631296,10.5970555,1
48.3634784,-120.122303,1
30.389609,-87.0665385,1
52.5166667,13.6666667,1
44.0265525,-116.9629378,1
42.5878489,-76.3668792,1
45.2535777,-92.8057669,1
37.085945,25.150811,1
36.827243,-118.4115638,1
37.1694632,-104.5005407,1
45.0705621,7.6866186,1
33.5128856,-96.3924833,1
41.4930556,-94.1236111,1
29.9321498,-90.3664694,1
39.33374,-78.053184,1
38.06191,-97.94276,1
29.887725,-95.5629984,1
3.8333333,44.4833333,1
48.0400945,-122.406257,1
40.8617303,-80.2864515,3
31.297703,-82.8523668,1
34.8480597,-114.6141315,1
44.5975185,10.6917222,1
45.2324755,-88.0076062,1
41.6411409,-88.4472948,1
12.725364,101.1723985,1
40.6493353,14.611508,1
48.929486,-123.73666,1
38.6269929,-88.9456158,1
32.2040437,-95.3485635,1
38.9675463,-89.7639827,1
41.895265,-93.6007732,1
42.4737009,-72.0061877,1
43.5069058,16.4424496,1
-39.8158567,176.9889342,1
43.22278,-71.0475,1
40.9417535,-75.82964,1
42.378372,-84.6985883,1
-11.202692,17.873887,1
19.287867,-99.646761,1
47.983952,10.87184,1
47.24639,-123.045,1
43.1009037,-74.772927,1
52.355759,6.663058,1
19.916449,-155.882129,1
43.9011229,-85.8517287,1
41.6986111,-93.0469444,1
-35.7251073,174.3236988,1
40.7875572,-82.7365677,1
42.6458682,-85.2908403,1
-43.5320544,172.6362254,1
34.3157241,-78.2247211,1
44.9369054,-91.3929348,1
-33.9725887,-53.5487849,1
19.2464696,-99.1013498,3
32.3862619,-94.8757709,1
42.842256,-84.5691487,1
50.7989137,-1.0911627,1
36.7282054,-76.5835621,1
38.3533871,-90.6412385,1
39.7083789,-91.3584816,1
30.273978,120.155361,1
40.6578242,-84.9519115,1
43.078495,-71.2999763,1
42.6727927,-88.5445447,1
40.3211808,-79.3794811,1
30.3407629,-97.5569456,1
43.0334192,-71.0742267,1
44.505221,-77.4726529,1
33.376834,-79.2944964,1
49.6833333,5.8,1
50.4227364,7.5777897,1
31.2715768,-83.4648845,1
41.653538,-74.585823,1
40.6859241,-75.9990972,1
35.5309058,139.7030511,1
31.2518439,-89.83758,1
43.27972,-75.64389,1
40.0921678,-112.4335642,1
33.6289974,-91.7909639,1
34.521104,-117.9836793,1
30.711029,-94.9329898,1
-26.4707109,29.11651,1
41.6556465,-74.6893282,1
42.3292408,-75.7699147,1
2.536424,101.8068142,1
35.6753657,-83.7557281,1
36.3504119,127.3845475,1
40.4437018,-76.4282933,1
45.28806,-122.53444,1
16.783656,96.156831,1
37.9175,-76.4725,1
35.1241907,-109.5381655,1
41.4925374,-99.9018131,1
30.385755,-88.6116854,1
0.8868263,101.7068294,1
51.0673989,-1.7976263,1
19.5426237,-96.9137441,1
37.0582786,-120.8499151,1
33.8886289,35.4954794,1
33.7764231,-112.5285046,1
43.8569444,-90.1472222,1
28.7362876,-82.3042058,1
29.6475331,-84.8958731,1
33.2467807,-84.2640904,1
29.5957696,-90.7195348,1
45.0275126,-84.6747523,1
39.5584218,-79.3528174,1
43.7486054,-87.9770379,1
50.7216814,-1.8785266,1
34.6059253,-86.9833417,1
10.22839,-66.665161,1
37.0920222,-84.6041084,1
48.0839895,-121.968742,1
33.5756831,-83.1823789,1
44.8486596,-74.2948983,1
52.6777266,-2.449284,1
33.6259414,-97.1333453,1
-23.4125745,-46.0410534,1
45.2191313,-96.6356167,1
39.6535988,-105.1910996,1
30.0996471,-91.9901206,1
48.4110757,-114.3376334,1
-23.6041266,-46.9243004,1
51.252171,5.70457,1
39.1098153,-80.4067566,1
43.2400574,-78.5761399,1
46.08938,7.2313,1
36.6436731,-93.2185144,1
-25.73134,28.21837,1
40.590301,-90.348808,1
57.301804,-6.353572,1
52.1915699,-1.7069886,1
47.5125,8.47301,1
40.8808666,-88.6297839,1
35.5067215,-97.7625441,1
37.3218778,126.8308848,1
55.7304274,37.5050632,1
52.634292,-1.6907115,1
41.7713764,-93.7129997,1
51.253775,-85.3232139,1
52.7391177,1.2409416,1
51.000798,4.63566,1
51.5748068,4.7748161,1
42.7755645,-88.943999,1
41.1186629,1.24533,1
26.9177322,-80.7657804,1
43.045429,-79.285456,1
35.7688425,-119.2470536,1
51.4579352,7.0148281,1
-6.923677,107.771964,1
38.7744802,-92.2571304,1
32.8059619,-97.4030744,1
33.5862149,-86.2860888,1
34.9128719,-91.1101221,1
38.6153256,-87.3544609,1
37.9774712,-0.6832271,1
38.3500016,-104.7227546,1
44.4004814,11.2506481,1
45.0808406,13.6383512,1
60.5544444,-151.2583333,1
45.9171763,-89.2442988,1
38.8070575,-75.422697,1
-9.0989905,160.2646431,1
28.8391667,-82.3402778,1
46.0166667,7.75,1
46.9965144,-120.5478474,1
38.688052,-83.49193,1
30.8940431,-102.8793222,1
29.7957633,-90.822871,1
41.5214401,-84.307172,1
36.3274502,-119.6456844,1
39.4961458,-88.1761521,1
28.0186323,-82.1128641,1
40.2822598,-86.041098,1
38.6910138,-121.4485654,1
47.6259626,-120.2253534,1
56.1998772,10.1660237,1
-22.9659887,-42.028832,1
36.6650471,-87.4427878,1
39.4850848,-80.1425781,1
3.333378,101.5827451,1
34.6779399,-76.9507762,1
35.6290093,-82.1806697,1
5.546182,95.319054,1
32.3643098,-88.703656,1
52.2738177,5.1643425,1
43.5324809,-90.0026259,1
37.816239,-79.8244947,1
39.9798943,32.7627465,1
41.4278257,-85.7524895,1
42.0759128,-75.640462,1
13.47617,144.751511,1
40.9869997,-81.8937511,1
33.0787326,-97.5653027,1
28.405,-106.4,1
39.6006523,-77.8205508,1
41.7748155,-74.2982059,1
35.5365485,-78.2844435,1
43.100278,-72.778889,1
45.0752809,-85.3586838,1
35.8880796,-106.3069722,1
45.624741,-72.950188,1
45.665241,-79.643979,1
46.6705556,-94.1069444,1
44.759955,-63.691725,1
37.811941,-107.6645057,1
-36.9530211,174.4688092,1
45.291468,-94.215855,1
43.1196178,-82.5000653,1
44.8613563,-92.6238082,1
41.513611,-73.606667,1
34.6505778,-111.7457056,1
29.8202205,-94.3840777,1
42.5092039,-84.655814,1
35.7212689,-77.9155395,1
45.75106,-94.223343,1
29.966001,-98.09115,1
46.4398305,-122.846783,1
29.2096836,-99.7861679,1
33.6639137,-114.2299486,1
46.187707,-74.609936,1
38.5281485,-81.6309601,1
39.599479,-88.6078392,1
42.4556475,-71.6731246,1
51.0787177,1.1740852,1
39.987325,-76.0205073,1
38.5245145,-8.8930658,1
42.5442251,-79.1667066,1
33.7948364,-83.713229,1
43.9742346,-75.6151927,1
30.8829628,-87.7730474,1
45.9326346,-118.3877435,1
39.4393981,-79.4478858,1
6.3625,2.4255,1
32.5176361,-87.836402,1
39.090891,-84.8499504,1
42.9056288,-74.5718073,1
44.43,-94.6583333,1
40.658626,-96.183207,1
48.118146,-123.4307413,1
33.8618418,-77.9944332,1
60.9425,-149.1663888,1
40.9155025,14.2681485,1
37.1181,-93.367849,1
39.3076744,-123.7994591,1
4.282457,117.914787,1
45.6280609,12.374799,1
40.9607964,29.0833694,1
45.404826,-71.892876,1
39.2522304,-99.5628877,1
44.865102,10.061731,1
38.3452032,-0.481006,1
30.4321407,-84.9757496,1
47.7745617,-96.6093911,1
35.204571,-75.693222,1
44.588333,-104.698333,1
14.5833333,121.1666667,1
41.5448205,-72.1753566,1
38.0666735,-103.222708,1
32.4582065,-83.7315723,1
31.8559384,-106.6391577,1
48.5829331,7.7437488,1
43.5208302,-88.2289851,1
43.1,-5.5833333,1
10.3591887,123.8634544,1
46.8673263,-122.266502,1
34.2928774,-91.3378987,1
41.5886629,-83.8910534,1
40.4728332,-3.8723044,1
21.6802778,-157.9511111,1
41.7214389,-85.8174946,1
33.7217833,-94.3968704,1
40.621488,-96.631485,1
29.7946641,-98.7319703,1
38.2120121,-86.1219155,1
43.2717322,-76.9891355,1
39.325041,-88.8995161,1
-8.0542775,-34.8812561,1
42.6550248,-86.2019825,1
-17.38414,-66.166702,1
34.9854275,-80.5495112,1
38.9606009,-89.0936778,1
37.747946,26.982476,1
41.1450617,-78.8044748,1
-34.4559059,-58.908329,1
40.8897784,-81.597623,1
28.9444142,-95.2888257,1
49.2656019,-122.6431968,1
35.7406864,-81.563149,1
33.7934373,-97.143068,1
35.7572885,-86.5313816,1
43.0731364,-71.8445227,1
38.0394687,14.0220595,1
46.914071,17.8166599,1
32.3546679,-89.3985283,1
-6.8083451,110.8417977,1
37.7598688,126.7801781,1
43.6485683,-93.3624319,1
33.425125,-94.0476882,1
40.443596,-85.078331,1
35.1714733,-92.2737629,1
46.5198333,6.6335,1
44.475066,-72.702251,1
-19.7501587,-47.9325395,1
39.1200418,-88.5433829,1
-6.98351,109.140496,1
50.5903039,5.6069213,1
43.236906,-94.0413443,1
35.2359025,-85.1907904,1
37.0330607,-88.7108964,1
36.119485,128.3445734,1
42.789581,-96.169746,1
43.7687324,11.2569013,1
40.5992395,-77.571382,1
40.699959,-99.083107,1
4.136209,96.124878,1
34.1814863,-86.7422202,1
39.458681,-82.2318156,1
46.0514263,14.5059655,1
46.319107,-79.434225,1
49.1658836,-123.9400647,1
52.632281,4.750806,1
41.6067211,-80.572296,1
40.845,9.4987777,1
32.3462,34.8615,1
-26.054097,28.064559,1
52.0611111,4.4933333,1
-3.6687994,119.9740534,1
35.9382103,-77.7905339,1
60.4674206,22.0242267,1
36.4703232,-86.6513845,1
43.1770206,-73.0570488,1
34.742908,-117.318703,1
31.949381,35.932911,1
46.0130065,-91.4846208,1
29.1141608,-81.1894818,2
35.1146152,-75.9810097,1
32.944012,-85.9538532,1
34.257206,-101.519104,1
34.8790492,-76.9013301,1
42.8264205,-84.2194127,1
8.539969,39.27198,1
48.8464991,-122.5910056,1
44.3580348,-89.0859464,1
34.8985866,-117.3616476,1
43.5508939,7.010541,1
40.4597938,-78.5916837,1
60.2699303,24.4432037,1
33.961124,-116.5016784,1
39.3575049,-100.441807,1
41.4619986,-81.0737079,1
40.7945096,-80.1367271,1
31.7960064,-95.1502214,1
38.5717898,-77.7638815,1
36.74944,-120.63806,1
26.1703525,-98.05195,1
18.0110768,-66.6140616,1
53.652743,-2.632412,1
37.410884,-94.70496,1
-6.1362398,106.140126,1
36.5331586,-82.326806,1
37.4912195,127.4875607,1
40.1734049,-79.8575467,3
42.6609026,-77.0538577,1
38.1557502,-121.6913439,1
34.9353949,-82.5587384,1
18.4274454,-67.1540698,1
-4.5585849,105.4068079,1
20.8650351,-105.4390862,1
